codec,dataset_id,engine,median_elapsed_seconds,median_mib_s,parquet_mib,profile,projection,replications,run_median_max_mib_s,run_median_min_mib_s,trials_per_replication
none,mixed-none-r50000000-rg262144-a42f5b9890f2,cudf,0.131519047,10349.986505829796,1361.2203617095947,mixed,all,3,12240.393026464964,10122.632096250445,5
none,mixed-none-r50000000-rg262144-a42f5b9890f2,duckdb,1.009725575,1348.1092243400833,1361.2203617095947,mixed,all,3,1354.3811392077937,1341.9832479101062,5
none,mixed-none-r50000000-rg262144-a42f5b9890f2,pandas,0.525312883,2591.2563840730986,1361.2203617095947,mixed,all,3,2595.860862813132,2583.4741896770197,5
none,mixed-none-r50000000-rg262144-a42f5b9890f2,polars,0.473318131,2875.9100329279267,1361.2203617095947,mixed,all,3,2899.4371112255444,2871.4100026986353,5
none,mixed-none-r50000000-rg262144-a42f5b9890f2,pyarrow,0.25722742,5291.894471085528,1361.2203617095947,mixed,all,3,5317.011198303336,5066.943445402534,5
none,mixed-none-r50000000-rg262144-a42f5b9890f2,cudf,0.093422801,14570.536819053357,1361.2203617095947,mixed,core,3,14631.850767819873,11515.21482702324,5
none,mixed-none-r50000000-rg262144-a42f5b9890f2,duckdb,0.891937152,1526.139323445958,1361.2203617095947,mixed,core,3,1528.0794683797144,1518.1153669135601,5
none,mixed-none-r50000000-rg262144-a42f5b9890f2,pandas,0.344797756,3947.8805706310764,1361.2203617095947,mixed,core,3,3949.637323012991,3014.8503470775604,5
none,mixed-none-r50000000-rg262144-a42f5b9890f2,polars,0.456722635,2980.4092405220836,1361.2203617095947,mixed,core,3,3011.159913987753,2940.0854023491715,5
none,mixed-none-r50000000-rg262144-a42f5b9890f2,pyarrow,0.141011361,9653.267311628846,1361.2203617095947,mixed,core,3,9816.353865159605,6580.374593723877,5
snappy,mixed-snappy-r50000000-rg262144-c2971e33f4a9,cudf,0.116736616,6963.672198136615,812.91552734375,mixed,all,3,7515.126802873743,6602.44648371211,5
snappy,mixed-snappy-r50000000-rg262144-c2971e33f4a9,duckdb,1.508437009,538.912478607683,812.91552734375,mixed,all,3,542.738213115381,530.0792763139849,5
snappy,mixed-snappy-r50000000-rg262144-c2971e33f4a9,pandas,0.641039286,1268.1212292248651,812.91552734375,mixed,all,3,1634.2990641560884,1246.6223984726573,5
snappy,mixed-snappy-r50000000-rg262144-c2971e33f4a9,polars,0.532653391,1526.1623056929907,812.91552734375,mixed,all,3,1534.2307671625217,1522.1010008766957,5
snappy,mixed-snappy-r50000000-rg262144-c2971e33f4a9,pyarrow,0.3234011,2513.644905177348,812.91552734375,mixed,all,3,2871.536310699953,2458.5641406906766,5
snappy,mixed-snappy-r50000000-rg262144-c2971e33f4a9,cudf,0.098200727,8278.100907987677,812.91552734375,mixed,core,3,8392.442301938532,8091.021319038315,5
snappy,mixed-snappy-r50000000-rg262144-c2971e33f4a9,duckdb,1.365917763,595.142364616683,812.91552734375,mixed,core,3,595.2500786835058,594.2589181416739,5
snappy,mixed-snappy-r50000000-rg262144-c2971e33f4a9,pandas,0.409799087,1983.6928708036628,812.91552734375,mixed,core,3,1990.1104181569565,1983.1256268932157,5
snappy,mixed-snappy-r50000000-rg262144-c2971e33f4a9,polars,0.51521863,1577.8069347836858,812.91552734375,mixed,core,3,1580.9797869512606,1577.4122224679743,5
snappy,mixed-snappy-r50000000-rg262144-c2971e33f4a9,pyarrow,0.203152807,4001.497884022592,812.91552734375,mixed,core,3,4023.0422001729175,4001.439365134621,5
zstd,mixed-zstd-r50000000-rg262144-bce7c44bbf4b,cudf,0.138431989,3393.2943294197453,469.7404832839966,mixed,all,3,3664.4385566907117,3047.851671552909,5
zstd,mixed-zstd-r50000000-rg262144-bce7c44bbf4b,duckdb,1.801996018,260.6778697576437,469.7404832839966,mixed,all,3,264.2883285115625,258.91481088864725,5
zstd,mixed-zstd-r50000000-rg262144-bce7c44bbf4b,pandas,0.585023664,802.9427050390162,469.7404832839966,mixed,all,3,1080.4260297662208,781.6484522314048,5
zstd,mixed-zstd-r50000000-rg262144-bce7c44bbf4b,polars,0.573727735,818.7515691288597,469.7404832839966,mixed,all,3,824.3856659890549,814.6638143993243,5
zstd,mixed-zstd-r50000000-rg262144-bce7c44bbf4b,pyarrow,0.316980412,1481.9227482233084,469.7404832839966,mixed,all,3,2038.8534709107184,1459.3503639724504,5
zstd,mixed-zstd-r50000000-rg262144-bce7c44bbf4b,cudf,0.119229887,3939.7880439490523,469.7404832839966,mixed,core,3,3986.456477277731,3922.0545707234664,5
zstd,mixed-zstd-r50000000-rg262144-bce7c44bbf4b,duckdb,1.669776758,281.3193326793189,469.7404832839966,mixed,core,3,292.7529527849525,281.31866921762315,5
zstd,mixed-zstd-r50000000-rg262144-bce7c44bbf4b,pandas,0.417171012,1126.0141998648664,469.7404832839966,mixed,core,3,1126.4470102308367,1123.0990948350307,5
zstd,mixed-zstd-r50000000-rg262144-bce7c44bbf4b,polars,0.56101648,837.302467984535,469.7404832839966,mixed,core,3,839.3611749426116,837.1249743522195,5
zstd,mixed-zstd-r50000000-rg262144-bce7c44bbf4b,pyarrow,0.211426198,2221.7704699206506,469.7404832839966,mixed,core,3,2224.26306119174,2216.4568010376133,5
none,numeric-none-r50000000-rg262144-04e21d3cf877,cudf,0.096513023,13890.351753429544,1340.599838256836,numeric,all,3,13911.047157125628,10488.89096165785,5
none,numeric-none-r50000000-rg262144-04e21d3cf877,duckdb,0.809370288,1656.3492113968432,1340.599838256836,numeric,all,3,1669.714917973004,1652.7022044984324,5
none,numeric-none-r50000000-rg262144-04e21d3cf877,pandas,0.331867085,4039.568546717539,1340.599838256836,numeric,all,3,4062.1068956461672,3961.156147201059,5
none,numeric-none-r50000000-rg262144-04e21d3cf877,polars,0.263493148,5087.79772237886,1340.599838256836,numeric,all,3,5529.955797088861,5068.64530477856,5
none,numeric-none-r50000000-rg262144-04e21d3cf877,pyarrow,0.152224455,8806.731075219392,1340.599838256836,numeric,all,3,9054.143563903792,6882.748076464392,5
none,numeric-none-r50000000-rg262144-04e21d3cf877,cudf,0.082287087,16291.740139699392,1340.599838256836,numeric,core,3,16616.798353799342,13243.47537975133,5
none,numeric-none-r50000000-rg262144-04e21d3cf877,duckdb,0.622138739,2154.824565998993,1340.599838256836,numeric,core,3,2186.468227776306,2130.1902189970647,5
none,numeric-none-r50000000-rg262144-04e21d3cf877,pandas,0.296816132,4516.600325001324,1340.599838256836,numeric,core,3,4632.5567031240535,4358.9586360619605,5
none,numeric-none-r50000000-rg262144-04e21d3cf877,polars,0.245962283,5450.428504344448,1340.599838256836,numeric,core,3,5610.377265135003,5312.731876518495,5
none,numeric-none-r50000000-rg262144-04e21d3cf877,pyarrow,0.133042701,10076.46288131835,1340.599838256836,numeric,core,3,12884.936696535156,9616.63886650097,5
snappy,numeric-snappy-r50000000-rg262144-5f287d8c4e3f,cudf,0.101671234,7975.523463896388,810.8813123703003,numeric,all,3,8403.104637575043,6010.510269617071,5
snappy,numeric-snappy-r50000000-rg262144-5f287d8c4e3f,duckdb,1.242856966,652.433332678686,810.8813123703003,numeric,all,3,847.2845127232788,643.0106305716669,5
snappy,numeric-snappy-r50000000-rg262144-5f287d8c4e3f,pandas,0.349394136,2320.8211839316623,810.8813123703003,numeric,all,3,2367.39170422393,1966.9854999998443,5
snappy,numeric-snappy-r50000000-rg262144-5f287d8c4e3f,polars,0.326632492,2482.549446949388,810.8813123703003,numeric,all,3,4278.614249011339,2471.7036821341912,5
snappy,numeric-snappy-r50000000-rg262144-5f287d8c4e3f,pyarrow,0.181566554,4466.027990872704,810.8813123703003,numeric,all,3,4971.589353749918,3621.467913295104,5
snappy,numeric-snappy-r50000000-rg262144-5f287d8c4e3f,cudf,0.08873146,9138.599910001485,810.8813123703003,numeric,core,3,9450.069083243745,7180.061791662481,5
snappy,numeric-snappy-r50000000-rg262144-5f287d8c4e3f,duckdb,1.060786752,764.4150069196003,810.8813123703003,numeric,core,3,774.0690705867719,759.1987311985707,5
snappy,numeric-snappy-r50000000-rg262144-5f287d8c4e3f,pandas,0.349233229,2321.890487603917,810.8813123703003,numeric,core,3,2575.9117625671543,2214.8739893265533,5
snappy,numeric-snappy-r50000000-rg262144-5f287d8c4e3f,polars,0.310360533,2612.7075647543766,810.8813123703003,numeric,core,3,2700.826022061885,2603.00665133861,5
snappy,numeric-snappy-r50000000-rg262144-5f287d8c4e3f,pyarrow,0.186292982,4352.72066432594,810.8813123703003,numeric,core,3,4441.226242282577,4331.820760128182,5
zstd,numeric-zstd-r50000000-rg262144-76275e96f053,cudf,0.118725329,3949.0707571257453,468.8547248840332,numeric,all,3,3980.801437112429,3939.085067291415,5
zstd,numeric-zstd-r50000000-rg262144-76275e96f053,duckdb,1.531435557,306.15374100526594,468.8547248840332,numeric,all,3,310.6034937533498,305.62179481372686,5
zstd,numeric-zstd-r50000000-rg262144-76275e96f053,pandas,0.403812727,1161.0697076519662,468.8547248840332,numeric,all,3,1192.7988435456218,1136.621201656245,5
zstd,numeric-zstd-r50000000-rg262144-76275e96f053,polars,0.369062178,1270.3949438135955,468.8547248840332,numeric,all,3,1283.3385534518743,1267.2503711911056,5
zstd,numeric-zstd-r50000000-rg262144-76275e96f053,pyarrow,0.235683434,1989.3410280335324,468.8547248840332,numeric,all,3,2027.859743500724,1952.3999523018454,5
zstd,numeric-zstd-r50000000-rg262144-76275e96f053,cudf,0.111137573,4218.687813922598,468.8547248840332,numeric,core,3,4224.835894096638,4205.431183478959,5
zstd,numeric-zstd-r50000000-rg262144-76275e96f053,duckdb,1.311322282,357.5434744912184,468.8547248840332,numeric,core,3,358.0745452047616,356.52221868296584,5
zstd,numeric-zstd-r50000000-rg262144-76275e96f053,pandas,0.389317667,1204.298609145917,468.8547248840332,numeric,core,3,1240.8401851423228,1185.7981256106652,5
zstd,numeric-zstd-r50000000-rg262144-76275e96f053,polars,0.355286264,1319.6533961246337,468.8547248840332,numeric,core,3,1327.940397220295,1314.0949295358155,5
zstd,numeric-zstd-r50000000-rg262144-76275e96f053,pyarrow,0.215285911,2177.82354036179,468.8547248840332,numeric,core,3,2214.2080018551897,2164.5181717030546,5
none,wide-none-r50000000-rg262144-0eb27b846fc8,cudf,0.570569452,13051.956494583475,7447.047664642334,wide,all,3,14174.441769569105,12791.409291330187,5
none,wide-none-r50000000-rg262144-0eb27b846fc8,duckdb,3.964762749,1878.3085233840643,7447.047664642334,wide,all,3,1890.8628960063752,1871.3194312703124,5
none,wide-none-r50000000-rg262144-0eb27b846fc8,pandas,1.616151208,4607.890417542128,7447.047664642334,wide,all,3,5049.930061793079,4586.6703448827675,5
none,wide-none-r50000000-rg262144-0eb27b846fc8,polars,1.071810658,6948.100029662454,7447.047664642334,wide,all,3,6965.17614788023,6936.445131528971,5
none,wide-none-r50000000-rg262144-0eb27b846fc8,pyarrow,0.967786776,7694.92604085999,7447.047664642334,wide,all,3,7827.230174515493,7651.986236116472,5
none,wide-none-r50000000-rg262144-0eb27b846fc8,cudf,0.095186691,78236.22805253661,7447.047664642334,wide,core,3,78237.33766570562,77671.71724958203,5
none,wide-none-r50000000-rg262144-0eb27b846fc8,duckdb,0.89523224,8318.565096183684,7447.047664642334,wide,core,3,8488.397650475736,8047.147959347847,5
none,wide-none-r50000000-rg262144-0eb27b846fc8,pandas,0.349382582,21314.879585618077,7447.047664642334,wide,core,3,21562.24711667691,21240.677712876917,5
none,wide-none-r50000000-rg262144-0eb27b846fc8,polars,0.457926934,16262.523803944527,7447.047664642334,wide,core,3,16612.324683638035,16257.013217171318,5
none,wide-none-r50000000-rg262144-0eb27b846fc8,pyarrow,0.140822137,52882.64915793981,7447.047664642334,wide,core,3,52914.35783677325,52801.41038522388,5
snappy,wide-snappy-r50000000-rg262144-cad2e576764d,cudf,0.635121655,10810.55140949033,6866.015302658081,wide,all,3,10840.648639399838,10556.521008344156,5
snappy,wide-snappy-r50000000-rg262144-cad2e576764d,duckdb,4.503611483,1524.5576419226127,6866.015302658081,wide,all,3,1542.6288755367136,1519.6351262157855,5
snappy,wide-snappy-r50000000-rg262144-cad2e576764d,pandas,1.525895059,4499.66415590712,6866.015302658081,wide,all,3,4507.159350761988,4292.347070532374,5
snappy,wide-snappy-r50000000-rg262144-cad2e576764d,polars,1.111559557,6176.920759143885,6866.015302658081,wide,all,3,6176.964165065583,6172.811680548056,5
snappy,wide-snappy-r50000000-rg262144-cad2e576764d,pyarrow,0.865793742,7930.312925105528,6866.015302658081,wide,all,3,7954.328242788636,7580.5719963365145,5
snappy,wide-snappy-r50000000-rg262144-cad2e576764d,cudf,0.098419223,69762.94968979873,6866.015302658081,wide,core,3,70268.03103140356,67413.0473789847,5
snappy,wide-snappy-r50000000-rg262144-cad2e576764d,duckdb,1.354030802,5070.796980775095,6866.015302658081,wide,core,3,5174.971320301322,5058.453719192129,5
snappy,wide-snappy-r50000000-rg262144-cad2e576764d,pandas,0.41036747,16731.382978914193,6866.015302658081,wide,core,3,16768.11062642325,16690.28741239993,5
snappy,wide-snappy-r50000000-rg262144-cad2e576764d,polars,0.513590224,13368.664319938616,6866.015302658081,wide,core,3,13419.246750507287,13306.850104173898,5
snappy,wide-snappy-r50000000-rg262144-cad2e576764d,pyarrow,0.202480912,33909.44477106109,6866.015302658081,wide,core,3,34016.19092100019,33711.94226227575,5
zstd,wide-zstd-r50000000-rg262144-f5b79c795daf,cudf,0.824178255,7564.971142171497,6234.884715080261,wide,all,3,8083.253311855373,7538.528657397513,5
zstd,wide-zstd-r50000000-rg262144-f5b79c795daf,duckdb,7.570929903,823.5295789239408,6234.884715080261,wide,all,3,826.1859464026503,823.0812349989573,5
zstd,wide-zstd-r50000000-rg262144-f5b79c795daf,pandas,1.856846963,3357.7806029889075,6234.884715080261,wide,all,3,3396.7844433205705,3326.4615361653896,5
zstd,wide-zstd-r50000000-rg262144-f5b79c795daf,polars,1.575648038,3957.028831765195,6234.884715080261,wide,all,3,3974.2525851670102,3951.574723931222,5
zstd,wide-zstd-r50000000-rg262144-f5b79c795daf,pyarrow,1.264731337,4929.809622547735,6234.884715080261,wide,all,3,5019.658966276132,4803.32723830574,5
zstd,wide-zstd-r50000000-rg262144-f5b79c795daf,cudf,0.12005198,51934.876168475195,6234.884715080261,wide,core,3,52213.173228400534,51741.24856804597,5
zstd,wide-zstd-r50000000-rg262144-f5b79c795daf,duckdb,1.634881699,3813.661085627127,6234.884715080261,wide,core,3,3826.5740979736315,3790.9804108742496,5
zstd,wide-zstd-r50000000-rg262144-f5b79c795daf,pandas,0.418723959,14890.202915473154,6234.884715080261,wide,core,3,14915.11082956431,14845.1108213496,5
zstd,wide-zstd-r50000000-rg262144-f5b79c795daf,polars,0.553861735,11257.114043237272,6234.884715080261,wide,core,3,11723.863625700316,11163.452034810161,5
zstd,wide-zstd-r50000000-rg262144-f5b79c795daf,pyarrow,0.212730669,29308.819195601085,6234.884715080261,wide,core,3,29435.72881103419,29295.132615481067,5
