dataset_id,algorithm,engine,batch_size,latency_ms,latency_ms_min,latency_ms_max,rows_per_second,speedup_vs_cpu,break_even_batches
r100000-f1024-c85e5bc9f5b6,logistic_regression,accel,1,0.42610200762283057,0.42275001760572195,0.44486999104265124,2346.8558751433116,0.1599311811376375,
r100000-f1024-c85e5bc9f5b6,logistic_regression,accel,256,0.6410290079656988,0.622847001068294,0.728461003745906,399357.90240197437,0.15398991146161858,
r100000-f1024-c85e5bc9f5b6,logistic_regression,accel,4096,2.7891009958693758,2.5583210081094876,2.829692995874211,1468573.567635638,0.24705953825476243,
r100000-f1024-c85e5bc9f5b6,logistic_regression,cpu,1,0.0681469973642379,0.06716500502079725,0.07019298209343106,14674.160838739737,1.0,
r100000-f1024-c85e5bc9f5b6,logistic_regression,cpu,256,0.09871200018096715,0.09729400335345417,0.1063390081981197,2593403.0262853475,1.0,
r100000-f1024-c85e5bc9f5b6,logistic_regression,cpu,4096,0.689074004185386,0.6860980065539479,0.7153690094128251,5944209.148975568,1.0,
r100000-f1024-c85e5bc9f5b6,logistic_regression,native_gpu,1,0.3039459843421355,0.29983199783600867,0.3315030044177547,3290.058271914375,0.22420759238433804,
r100000-f1024-c85e5bc9f5b6,logistic_regression,native_gpu,256,0.2509259938960895,0.24368199228774756,0.26200599677395076,1020221.1258591714,0.39339089047045717,
r100000-f1024-c85e5bc9f5b6,logistic_regression,native_gpu,4096,0.25955399905797094,0.2504720032447949,0.2672520058695227,15780916.55249421,2.6548387105816946,126
r100000-f1024-c85e5bc9f5b6,pca,accel,1,0.24175700673367828,0.2400279772700742,0.25943499349523336,4136.384767129455,0.24989136790960798,
r100000-f1024-c85e5bc9f5b6,pca,accel,256,0.8116999961202964,0.7772039825795218,0.8527809841325507,315387.4599280644,0.133848703358373,
r100000-f1024-c85e5bc9f5b6,pca,accel,4096,14.19753000664059,14.113526995060965,14.222110010450706,288500.88699120085,0.05658765972748256,
r100000-f1024-c85e5bc9f5b6,pca,cpu,1,0.060412989114411175,0.05893899651709944,0.061695012846030295,16552.731699902855,1.0,
r100000-f1024-c85e5bc9f5b6,pca,cpu,256,0.10864499199669808,0.10326899064239115,0.1088720018742606,2356298.2084602695,1.0,
r100000-f1024-c85e5bc9f5b6,pca,cpu,4096,0.8034049969865009,0.79414299398195,0.834370992379263,5098300.378219856,1.0,
r100000-f1024-c85e5bc9f5b6,pca,native_gpu,1,0.16123199020512402,0.16073799633886665,0.18039900169242173,6202.243107759018,0.3746960453539773,
r100000-f1024-c85e5bc9f5b6,pca,native_gpu,256,0.23541401606053114,0.22626500867772847,0.24138498702086508,1087445.8721020913,0.46150604715380494,
r100000-f1024-c85e5bc9f5b6,pca,native_gpu,4096,0.46624998503830284,0.4585650021908805,0.47605400322936475,8784986.877079492,1.723120692262329,0
r100000-f1024-c85e5bc9f5b6,xgboost,cpu,1,0.7589750166516751,0.7363900076597929,0.8512819913448766,1317.5664258510649,1.0,
r100000-f1024-c85e5bc9f5b6,xgboost,cpu,256,1.0369990050094202,0.716346999979578,1.1374420137144625,246866.1963640693,1.0,
r100000-f1024-c85e5bc9f5b6,xgboost,cpu,4096,2.1546430070884526,2.0857749914284796,2.4203070061048493,1901010.973291062,1.0,
r100000-f1024-c85e5bc9f5b6,xgboost,native_gpu,1,1.1548800102900714,1.14682900311891,1.1583309969864786,865.8908207691895,0.6571895001118283,
r100000-f1024-c85e5bc9f5b6,xgboost,native_gpu,256,1.3987879938213155,1.3976860063849017,1.400607987307012,183015.58286945237,0.741355380222036,
r100000-f1024-c85e5bc9f5b6,xgboost,native_gpu,4096,1.4130449999356642,1.410277996910736,1.4233000110834837,2898704.5707578245,1.5248226398922562,0
r100000-f16-56c3ab1266f5,umap,accel,1,3.835493989754468,3.6566880153259262,4.015265993075445,260.7226090488583,0.6645157052042556,
r100000-f16-56c3ab1266f5,umap,accel,256,9.428117002244107,9.197058010613546,9.455149003770202,27152.823828879737,5.418764528495931,0
r100000-f16-56c3ab1266f5,umap,accel,4096,15.923955987091176,15.805026007001288,16.03489498666022,257222.51451338097,45.935606867895345,0
r100000-f16-56c3ab1266f5,umap,cpu,1,2.5487459934083745,2.534886996727437,2.657739009009674,392.3498075470145,1.0,
r100000-f16-56c3ab1266f5,umap,cpu,256,51.08874598226976,51.06040701502934,54.15907100541517,5010.888309704143,1.0,
r100000-f16-56c3ab1266f5,umap,cpu,4096,731.4765820046887,723.7457269948209,740.6527800048934,5599.632443152835,1.0,
r100000-f16-56c3ab1266f5,umap,native_gpu,1,1.6065279924077913,1.5810889890417457,1.6088649863377213,622.460364665819,1.586493360497522,0
r100000-f16-56c3ab1266f5,umap,native_gpu,256,7.07752000016626,7.052852015476674,7.121818998712115,36170.862109041904,7.21845307128339,0
r100000-f16-56c3ab1266f5,umap,native_gpu,4096,13.177845990867354,13.125249010045081,13.200225017499179,310824.69796950516,55.50805363119466,0
r100000-f16-c266220c3755,kmeans,accel,1,1.0964410030283034,1.0813760018208995,1.1771020072046667,912.0417762907998,0.06783585331474765,
r100000-f16-c266220c3755,kmeans,accel,256,0.8407479908782989,0.8330069977091625,0.8733520080568269,304490.76629081933,0.08212447288882144,
r100000-f16-c266220c3755,kmeans,accel,4096,0.7960350048961118,0.6988680106587708,1.2356770021142438,5145502.364603372,0.13848386569765167,
r100000-f16-c266220c3755,kmeans,cpu,1,0.07437801104970276,0.072750000981614,0.07467201794497669,13444.833841170539,1.0,
r100000-f16-c266220c3755,kmeans,cpu,256,0.06904598558321595,0.06518498412333429,0.06944499909877777,3707673.9196004723,1.0,
r100000-f16-c266220c3755,kmeans,cpu,4096,0.11023800470866263,0.10278601257596165,0.12272500316612422,37155970.03796397,1.0,
r100000-f16-c266220c3755,kmeans,native_gpu,1,0.2438300143694505,0.23160998534876853,0.2539039996918291,4101.21782007035,0.30504042433843037,
r100000-f16-c266220c3755,kmeans,native_gpu,256,0.21686199761461467,0.20871601009275764,0.22393401013687253,1180474.2316122046,0.31838674522364924,
r100000-f16-c266220c3755,kmeans,native_gpu,4096,0.22099100169725716,0.2122919977409765,0.22287901083473116,18534691.315672867,0.4988348116530161,
r100000-f16-c266220c3755,logistic_regression,accel,1,0.4367140063550323,0.41954100015573204,0.4386249929666519,2289.8280921794776,0.13930627810200596,
r100000-f16-c266220c3755,logistic_regression,accel,256,0.3690290031954646,0.36569499934557825,0.3719340020325035,693712.4122582956,0.1416419816179196,
r100000-f16-c266220c3755,logistic_regression,accel,4096,0.3953019913751632,0.3868160129059106,0.40409600478596985,10361698.370784761,0.1898548224612705,
r100000-f16-c266220c3755,logistic_regression,cpu,1,0.06083700282033533,0.05895301001146436,0.06410101195797324,16437.364657052778,1.0,
r100000-f16-c266220c3755,logistic_regression,cpu,256,0.052269999287091196,0.051623996114358306,0.056446995586156845,4897646.900546692,1.0,
r100000-f16-c266220c3755,logistic_regression,cpu,4096,0.07504998939111829,0.07479400665033609,0.07512200681958348,54576956.41572918,1.0,
r100000-f16-c266220c3755,logistic_regression,native_gpu,1,0.2978240081574768,0.29604700102936476,0.2998429990839213,3357.687669931707,0.20427165424544044,
r100000-f16-c266220c3755,logistic_regression,native_gpu,256,0.2451920008752495,0.2416280040051788,0.24524300533812493,1044079.7378632652,0.21317987169445013,
r100000-f16-c266220c3755,logistic_regression,native_gpu,4096,0.2584610047051683,0.25437599106226116,0.26796499150805175,15847651.775061348,0.29037258242004177,
r100000-f16-c266220c3755,pca,accel,1,0.2501550188753754,0.236521998886019,0.25232500047422945,3997.5212350154347,0.20368165667104232,
r100000-f16-c266220c3755,pca,accel,256,0.2473960048519075,0.24330899759661406,0.24820199178066105,1034778.2299606774,0.19416650530288823,
r100000-f16-c266220c3755,pca,accel,4096,0.3407980111660436,0.33586399513296783,0.34311100898776203,12018849.482089106,0.22167090011166354,
r100000-f16-c266220c3755,pca,cpu,1,0.050951988669112325,0.050255999667569995,0.05252497794572264,19626.319327673493,1.0,
r100000-f16-c266220c3755,pca,cpu,256,0.04803601768799126,0.04753099346999079,0.04905999230686575,5329334.368698065,1.0,
r100000-f16-c266220c3755,pca,cpu,4096,0.07554500189144164,0.07349201769102365,0.0801150017650798,54219338.10903814,1.0,
r100000-f16-c266220c3755,pca,native_gpu,1,0.1535680057713762,0.15248300042003393,0.1539779914310202,6511.773041376511,0.3317877862200471,
r100000-f16-c266220c3755,pca,native_gpu,256,0.19320299907121807,0.19316999532748014,0.19822298781946301,1325031.1911857736,0.24862977240992168,
r100000-f16-c266220c3755,pca,native_gpu,4096,0.18696598999667913,0.18653800361789763,0.18757701036520302,21907727.710653435,0.404057453940064,
r100000-f16-c266220c3755,xgboost,cpu,1,0.21040499268565327,0.1952179882209748,0.21473200467880815,4752.738930934058,1.0,
r100000-f16-c266220c3755,xgboost,cpu,256,0.31534199661109596,0.3088590019615367,0.31690399919170886,811817.0200961812,1.0,
r100000-f16-c266220c3755,xgboost,cpu,4096,1.0359970037825406,1.0238830000162125,1.1293879942968488,3953679.388111208,1.0,
r100000-f16-c266220c3755,xgboost,native_gpu,1,0.8529019978595898,0.8430560119450092,0.8554630185244605,1172.4676486976953,0.24669304704840367,
r100000-f16-c266220c3755,xgboost,native_gpu,256,0.8886730065569282,0.8807689882814884,0.900752012967132,288069.9628672706,0.3548459267744116,
r100000-f16-c266220c3755,xgboost,native_gpu,4096,0.9066850034287199,0.9042210003826767,0.9083199984161183,4517555.694106075,1.1426206453893186,0
r100000-f256-c09c5a1c18ca,kmeans,accel,1,1.0071590077131987,0.9503619949100539,1.0203040146734565,992.8918793771666,0.07678032706731719,
r100000-f256-c09c5a1c18ca,kmeans,accel,256,1.0894390143221244,1.0560759983491153,1.2590609985636547,234983.3231916056,0.08443887886196824,
r100000-f256-c09c5a1c18ca,kmeans,accel,4096,1.7389179993188009,1.6145239933393896,1.806284999474883,2355487.723748076,0.18953855407979756,
r100000-f256-c09c5a1c18ca,kmeans,cpu,1,0.07732999802101403,0.07680599810555577,0.08012799662537873,12931.592209898352,1.0,
r100000-f256-c09c5a1c18ca,kmeans,cpu,256,0.09199100895784795,0.0877900019986555,0.09318899537902325,2782880.6630146224,1.0,
r100000-f256-c09c5a1c18ca,kmeans,cpu,4096,0.3295920032542199,0.32239899155683815,0.4068679845659062,12427485.981329123,1.0,
r100000-f256-c09c5a1c18ca,kmeans,native_gpu,1,0.24309700529556721,0.22936699679121375,0.24454099184367806,4113.584199789542,0.3181034580289999,
r100000-f256-c09c5a1c18ca,kmeans,native_gpu,256,0.213412000448443,0.21274900063872337,0.22184298723004758,1199557.660591095,0.43104890430035375,
r100000-f256-c09c5a1c18ca,kmeans,native_gpu,4096,0.22215599892660975,0.2212370018241927,0.22531399736180902,18437494.46240762,1.483606136438846,0
r100000-f256-c09c5a1c18ca,logistic_regression,accel,1,0.4339439910836518,0.4211859923088923,0.4379010060802102,2304.4448605055786,0.14504867204347735,
r100000-f256-c09c5a1c18ca,logistic_regression,accel,256,0.39286998799070716,0.3917849826393649,0.4054480086779222,651615.0579719399,0.16854434913633767,
r100000-f256-c09c5a1c18ca,logistic_regression,accel,4096,1.228275999892503,1.2124049972044304,1.3380160089582205,3334755.381004331,0.19592991220911418,
r100000-f256-c09c5a1c18ca,logistic_regression,cpu,1,0.06294299964793026,0.06052199751138687,0.06310098979156464,15887.39026728102,1.0,
r100000-f256-c09c5a1c18ca,logistic_regression,cpu,256,0.06621601642109454,0.062310995417647064,0.06824999582022429,3866134.1143205,1.0,
r100000-f256-c09c5a1c18ca,logistic_regression,cpu,4096,0.24065600882750005,0.22522200015373528,0.25553499290253967,17020144.312856007,1.0,
r100000-f256-c09c5a1c18ca,logistic_regression,native_gpu,1,0.30313000024762005,0.29586600430775434,0.3071109822485596,3298.9146543830125,0.20764358392938195,
r100000-f256-c09c5a1c18ca,logistic_regression,native_gpu,256,0.24739900254644454,0.2438220108160749,0.2563549787737429,1034765.6917167271,0.2676486798230471,
r100000-f256-c09c5a1c18ca,logistic_regression,native_gpu,4096,0.25209599698428065,0.24765699345152825,0.2604650071589276,16247778.818381652,0.9546205084823542,
r100000-f256-c09c5a1c18ca,pca,accel,1,0.24236699391622096,0.23871900339145213,0.2590450021671131,4125.974349236968,0.21707167307912728,
r100000-f256-c09c5a1c18ca,pca,accel,256,0.32313000701833516,0.32255898986477405,0.3250490117352456,792250.7796853232,0.19664530917696543,
r100000-f256-c09c5a1c18ca,pca,accel,4096,3.5470369912218302,3.3927309996215627,3.5497810022206977,1154766.6432960066,0.08027263498089846,
r100000-f256-c09c5a1c18ca,pca,cpu,1,0.052611008868552744,0.05157399573363364,0.05281600169837475,19007.42870182312,1.0,
r100000-f256-c09c5a1c18ca,pca,cpu,256,0.06354200013447553,0.06334100908134133,0.0646809785393998,4028831.3156372285,1.0,
r100000-f256-c09c5a1c18ca,pca,cpu,4096,0.2847300056600943,0.2790870057651773,0.2872259938158095,14385557.962197118,1.0,
r100000-f256-c09c5a1c18ca,pca,native_gpu,1,0.15715399058535695,0.1524960098322481,0.15877201803959906,6363.185537161768,0.3347736107278643,
r100000-f256-c09c5a1c18ca,pca,native_gpu,256,0.20111699996050447,0.19757699919864535,0.2264969953102991,1272890.9045494588,0.31594544542208747,
r100000-f256-c09c5a1c18ca,pca,native_gpu,4096,0.34717000380624086,0.3440750151639804,0.3484339831629768,11798254.328118796,0.8201457572325432,
r100000-f256-c09c5a1c18ca,xgboost,cpu,1,0.21125101193320006,0.19356299890205264,0.2136389957740903,4733.70513517924,1.0,
r100000-f256-c09c5a1c18ca,xgboost,cpu,256,0.3418749838601798,0.3397719992790371,0.3502409963402897,748811.7355340016,1.0,
r100000-f256-c09c5a1c18ca,xgboost,cpu,4096,1.2501620076363906,1.2288349971640855,1.3847240043105558,3276375.3617373733,1.0,
r100000-f256-c09c5a1c18ca,xgboost,native_gpu,1,1.1495539947645739,1.1441559909144416,1.153409990365617,869.902592269968,0.18376780290034467,
r100000-f256-c09c5a1c18ca,xgboost,native_gpu,256,1.3772720121778548,1.3754469982814044,1.3779840082861483,185874.68396688896,0.2482261897702976,
r100000-f256-c09c5a1c18ca,xgboost,native_gpu,4096,1.4046490105101839,1.3975779875181615,1.4047199947526678,2916030.9581624866,0.890017362545479,
r100000-f64-95c45761708e,kmeans,accel,1,1.1118379916297272,1.1050960019929335,1.323543008766137,899.4116116991149,0.06727958963378343,
r100000-f64-95c45761708e,kmeans,accel,256,0.8543339936295524,0.38476298504974693,1.325926001300104,299648.61741297407,0.0897822213603498,
r100000-f64-95c45761708e,kmeans,accel,4096,0.4986050189472735,0.48955601232592016,1.2684550019912422,8214919.313584254,0.2946199665210089,
r100000-f64-95c45761708e,kmeans,cpu,1,0.07480400381609797,0.07423800707329065,0.07647099846508354,13368.26839454278,1.0,
r100000-f64-95c45761708e,kmeans,cpu,256,0.07670400373172015,0.07392899715341628,0.07723999442532659,3337505.0524792075,1.0,
r100000-f64-95c45761708e,kmeans,cpu,4096,0.14689899398945272,0.14307699166238308,0.1608159946044907,27883104.497598473,1.0,
r100000-f64-95c45761708e,kmeans,native_gpu,1,0.22888201056048274,0.22862799232825637,0.2489970065653324,4369.063333335876,0.3268234302596306,
r100000-f64-95c45761708e,kmeans,native_gpu,256,0.2115359966410324,0.2090809866786003,0.21288599236868322,1210195.9196780163,0.36260497007459014,
r100000-f64-95c45761708e,kmeans,native_gpu,4096,0.21083799947518855,0.21050299983471632,0.21303399989847094,19427238.02253691,0.6967387015391399,
r100000-f64-95c45761708e,logistic_regression,accel,1,0.4238359979353845,0.4175320063950494,0.4293020028853789,2359.4031768685536,0.15276661355909066,
r100000-f64-95c45761708e,logistic_regression,accel,256,0.3698859945870936,0.3698369982885197,0.3773569915210828,692105.1452239349,0.1646642829839771,
r100000-f64-95c45761708e,logistic_regression,accel,4096,0.6459110009018332,0.6256149936234578,0.6700300000375137,6341430.931321942,0.1626462550712865,
r100000-f64-95c45761708e,logistic_regression,cpu,1,0.06474799010902643,0.061008991906419396,0.06630898860748857,15444.494853294162,1.0,
r100000-f64-95c45761708e,logistic_regression,cpu,256,0.060907012084499,0.05438500375021249,0.061534985434263945,4203128.527218506,1.0,
r100000-f64-95c45761708e,logistic_regression,cpu,4096,0.10505500540602952,0.1033549924613908,0.11156698747072369,38989098.9407813,1.0,
r100000-f64-95c45761708e,logistic_regression,native_gpu,1,0.2940270060207695,0.29235500551294535,0.31026000215206295,3401.048133413167,0.22021103090255853,
r100000-f64-95c45761708e,logistic_regression,native_gpu,256,0.241192989051342,0.24012799258343875,0.25942899810615927,1061390.7187223674,0.2525239739515559,
r100000-f64-95c45761708e,logistic_regression,native_gpu,4096,0.25085701781790704,0.24803199630696326,0.26250502560287714,16328026.361906363,0.418784398857389,
r100000-f64-95c45761708e,pca,accel,1,0.23926699941512197,0.23861498630139977,0.24640800256747752,4179.431356787428,0.22923339875198748,
r100000-f64-95c45761708e,pca,accel,256,0.24444398877676576,0.2435429923934862,0.2563720045145601,1047274.6794922724,0.2355836503292076,
r100000-f64-95c45761708e,pca,accel,4096,0.8020919922273606,0.7303569873329252,0.8202610042644665,5106646.169880911,0.1664110758071096,
r100000-f64-95c45761708e,pca,cpu,1,0.05484798748511821,0.05139800487086177,0.059461002820171416,18232.20952767552,1.0,
r100000-f64-95c45761708e,pca,cpu,256,0.05758700717706233,0.05320999480318278,0.059519006754271686,4445447.203270675,1.0,
r100000-f64-95c45761708e,pca,cpu,4096,0.13347699132282287,0.12854700617026538,0.1340629969490692,30686936.8226435,1.0,
r100000-f64-95c45761708e,pca,native_gpu,1,0.15566599904559553,0.1514850155217573,0.16176700592041016,6424.010420587054,0.3523440431526277,
r100000-f64-95c45761708e,pca,native_gpu,256,0.1922879891935736,0.1916350011015311,0.20336399029474705,1331336.403660077,0.2994831212213172,
r100000-f64-95c45761708e,pca,native_gpu,4096,0.26677300047595054,0.26346099912188947,0.278951003565453,15353877.613897635,0.5003392063090574,
r100000-f64-95c45761708e,random_forest,accel,1,0.27859400142915547,0.27507801132742316,0.2798220084514469,3589.4527336199417,42.51064255767378,0
r100000-f64-95c45761708e,random_forest,accel,256,0.2841669920599088,0.2832850004779175,0.2858969965018332,900878.7338187027,41.201864807451244,0
r100000-f64-95c45761708e,random_forest,accel,4096,0.6000279972795397,0.5577949923463166,0.6413149967556819,6826348.134705062,18.996675236536408,0
r100000-f64-95c45761708e,random_forest,cpu,1,11.843210013466887,11.679446019115858,11.92498201271519,84.43656735487274,1.0,
r100000-f64-95c45761708e,random_forest,cpu,256,11.708209989592433,11.491621015011333,11.827776994323358,21864.99902440778,1.0,
r100000-f64-95c45761708e,random_forest,cpu,4096,11.398536997148767,11.39802800025791,11.465809991932474,359344.361563644,1.0,
r100000-f64-95c45761708e,random_forest,native_gpu,1,0.17881300300359726,0.173746986547485,0.180491988430731,5592.434460596149,66.2323758033896,0
r100000-f64-95c45761708e,random_forest,native_gpu,256,0.18235899915453047,0.18023398297373205,0.18488599744159728,1403824.3310551753,64.20417990817624,0
r100000-f64-95c45761708e,random_forest,native_gpu,4096,0.2003679983317852,0.19748200429603457,0.20111500634811819,20442386.179940365,56.88801151905589,0
r100000-f64-95c45761708e,xgboost,cpu,1,0.18963799811899662,0.182529998710379,0.19735800742637366,5273.204789751611,1.0,
r100000-f64-95c45761708e,xgboost,cpu,256,0.3286580031272024,0.3195040044374764,0.35420499625615776,778925.1975127435,1.0,
r100000-f64-95c45761708e,xgboost,cpu,4096,1.3803840120090172,1.1106189922429621,1.818949996959418,2967290.2354459055,1.0,
r100000-f64-95c45761708e,xgboost,native_gpu,1,0.8629310032119974,0.8581150032114238,0.8864799892762676,1158.8412008350667,0.21976032546417618,
r100000-f64-95c45761708e,xgboost,native_gpu,256,0.9132419945672154,0.9129419922828674,0.9137769957305863,280320.00447079545,0.3598805191639847,
r100000-f64-95c45761708e,xgboost,native_gpu,4096,0.9401279967278242,0.9396969981025904,0.950308982282877,4356853.550002118,1.4682936970428837,0
r1000000-f64-290325b13dfa,kmeans,accel,1,1.137877014116384,1.0861920018214732,1.4115739904809743,878.829598976079,0.0636413162169479,
r1000000-f64-290325b13dfa,kmeans,accel,256,1.234430994372815,0.9948990045813844,1.3070550048723817,207382.9976458648,0.05677595323850495,
r1000000-f64-290325b13dfa,kmeans,accel,4096,1.2411409843480214,1.1413309985073283,1.3331040099728853,3300189.1418094235,0.7683228691231816,
r1000000-f64-290325b13dfa,kmeans,accel,65536,3.432944984524511,3.3609890087973326,3.4356159885646775,19090314.67018317,0.5085045057169066,
r1000000-f64-290325b13dfa,kmeans,cpu,1,0.07241599087137729,0.0707600120222196,0.0752280029701069,13809.10470142105,1.0,
r1000000-f64-290325b13dfa,kmeans,cpu,256,0.0700859964126721,0.0673600152367726,0.07173398626036942,3652655.4961514845,1.0,
r1000000-f64-290325b13dfa,kmeans,cpu,4096,0.9535970020806417,0.20019098883494735,0.9806710004340857,4295315.5169982575,1.0,
r1000000-f64-290325b13dfa,kmeans,cpu,65536,1.7456679925089702,1.7038150108419359,1.940791989909485,37542075.74477439,1.0,
r1000000-f64-290325b13dfa,kmeans,native_gpu,1,0.2352070005144924,0.23468500876333565,0.23712498659733683,4251.574136027403,0.3078819538235442,
r1000000-f64-290325b13dfa,kmeans,native_gpu,256,0.21625199588015676,0.21051999647170305,0.21802799892611802,1183804.102977486,0.32409410201010397,
r1000000-f64-290325b13dfa,kmeans,native_gpu,4096,0.21530200319830328,0.2142710000043735,0.21579400345217437,19024439.80619814,4.42911346812846,0
r1000000-f64-290325b13dfa,kmeans,native_gpu,65536,0.5012279871152714,0.4997200012439862,0.5031250038882717,130750879.21003933,3.482782361288028,0
r1000000-f64-290325b13dfa,logistic_regression,accel,1,0.427965002018027,0.4163839912507683,0.47837698366492987,2336.639667460185,0.15483742328294864,
r1000000-f64-290325b13dfa,logistic_regression,accel,256,0.37104800867382437,0.3677969943964854,0.38262500311248004,689937.673874005,0.16168525456183716,
r1000000-f64-290325b13dfa,logistic_regression,accel,4096,0.6846570031484589,0.6444849859690294,0.7068950071698055,5982557.661959439,0.15881091972710906,
r1000000-f64-290325b13dfa,logistic_regression,accel,65536,2.8587449924089015,2.8065759979654104,2.8669830062426627,22924745.01014396,0.30719599131510655,
r1000000-f64-290325b13dfa,logistic_regression,cpu,1,0.06626499816775322,0.06622499495279044,0.0668360007693991,15090.923227198302,1.0,
r1000000-f64-290325b13dfa,logistic_regression,cpu,256,0.05999299173709005,0.059330996009521186,0.06029399810358882,4267165.09024721,1.0,
r1000000-f64-290325b13dfa,logistic_regression,cpu,4096,0.10873100836761296,0.10743900202214718,0.10894099250435829,37670946.50820925,1.0,
r1000000-f64-290325b13dfa,logistic_regression,cpu,65536,0.8781950018601492,0.8658820152049884,0.9121950133703649,74625794.79635489,1.0,
r1000000-f64-290325b13dfa,logistic_regression,native_gpu,1,0.29988800815772265,0.29800600896123797,0.3078090085182339,3334.578151834806,0.22096581512156332,
r1000000-f64-290325b13dfa,logistic_regression,native_gpu,256,0.24529299116693437,0.2408459986327216,0.24753100296948105,1043649.8767540364,0.2445768688770311,
r1000000-f64-290325b13dfa,logistic_regression,native_gpu,4096,0.2515310188755393,0.24718500208109617,0.2577570121502504,16284273.877277745,0.4322767380885712,
r1000000-f64-290325b13dfa,logistic_regression,native_gpu,65536,0.4959899961249903,0.4879249900113791,0.5595110123977065,132131697.23585477,1.7705901504490076,0
r1000000-f64-290325b13dfa,pca,accel,1,0.2440109965391457,0.23416000476572663,0.24751901219133288,4098.175960031269,0.27198772827884604,
r1000000-f64-290325b13dfa,pca,accel,256,0.25427300715819,0.25383000320289284,0.25704200379550457,1006791.8842865439,0.24262895578838548,
r1000000-f64-290325b13dfa,pca,accel,4096,0.9065659978659824,0.8806430123513564,0.9192180004902184,4518148.716852175,0.1393533297887994,
r1000000-f64-290325b13dfa,pca,accel,65536,15.211184989311732,15.013692012871616,15.322203005780466,4308408.5852646865,0.10347129482315057,
r1000000-f64-290325b13dfa,pca,cpu,1,0.0663679966237396,0.056311997468583286,0.0676829949952662,15067.50317731157,1.0,
r1000000-f64-290325b13dfa,pca,cpu,256,0.06169399421196431,0.05507901369128376,0.06322299304883927,4149512.497447506,1.0,
r1000000-f64-290325b13dfa,pca,cpu,4096,0.12633299047593027,0.1175659999717027,0.1268050109501928,32422251.57949059,1.0,
r1000000-f64-290325b13dfa,pca,cpu,65536,1.5739210066385567,1.57376000424847,1.5780100075062364,41638684.358096264,1.0,
r1000000-f64-290325b13dfa,pca,native_gpu,1,0.15738399815745652,0.15691400039941072,0.1583700068295002,6353.886111086968,0.4216946919682459,
r1000000-f64-290325b13dfa,pca,native_gpu,256,0.19085999520029873,0.19075600721407682,0.19732398504856974,1341297.3196993945,0.32324214483616287,
r1000000-f64-290325b13dfa,pca,native_gpu,4096,0.20745000801980495,0.20683099864982069,0.21859700791537762,19744515.987721536,0.6089804077706733,
r1000000-f64-290325b13dfa,pca,native_gpu,65536,0.8393750031245872,0.8371409930987284,0.9762190165929496,78077140.43906617,1.8751106487322233,0
r1000000-f64-290325b13dfa,random_forest,accel,1,0.27734598552342504,0.2681990008568391,0.27744899853132665,3605.604739916232,42.57549636076176,0
r1000000-f64-290325b13dfa,random_forest,accel,256,0.29700501181650907,0.28955300513189286,0.3013789973920211,861938.3169135135,39.75765909004833,0
r1000000-f64-290325b13dfa,random_forest,accel,4096,0.626761990133673,0.6219950155355036,0.6452359957620502,6535176.134606414,18.235048045128348,0
r1000000-f64-290325b13dfa,random_forest,accel,65536,4.36003900540527,4.331494987127371,4.452673994819634,15031058.189789834,13.953945806462414,0
r1000000-f64-290325b13dfa,random_forest,cpu,1,11.808142997324467,11.677206013700925,11.97165199846495,84.68732130247608,1.0,
r1000000-f64-290325b13dfa,random_forest,cpu,256,11.808224007836543,11.72953900822904,11.86566699470859,21679.805517756547,1.0,
r1000000-f64-290325b13dfa,random_forest,cpu,4096,11.429035002947785,11.378843992133625,11.504212990985252,358385.46289722243,1.0,
r1000000-f64-290325b13dfa,random_forest,cpu,65536,60.839747995487414,57.26588699326385,64.80779801495373,1077190.5236172397,1.0,
r1000000-f64-290325b13dfa,random_forest,native_gpu,1,0.17950800247490406,0.1770999951986596,0.18865200399886817,5570.782283869512,65.78059381489297,0
r1000000-f64-290325b13dfa,random_forest,native_gpu,256,0.18075799744110554,0.1802700135158375,0.1825720100896433,1416258.2216225856,65.32614974163945,0
r1000000-f64-290325b13dfa,random_forest,native_gpu,4096,0.21282699890434742,0.20969100296497345,0.2130189968738705,19245678.513941262,53.70105795686397,0
r1000000-f64-290325b13dfa,random_forest,native_gpu,65536,1.518249002401717,1.5167370002018288,1.5230260032694787,43165514.94275883,40.072312182813924,0
r1000000-f64-290325b13dfa,xgboost,cpu,1,0.1891180145321414,0.1863040088210255,0.21236900647636503,5287.703566864837,1.0,
r1000000-f64-290325b13dfa,xgboost,cpu,256,0.3116750158369541,0.30521300504915416,0.3257040079915896,821368.370873592,1.0,
r1000000-f64-290325b13dfa,xgboost,cpu,4096,1.0154860065085813,1.0146789863938466,1.0303910094080493,4033536.625563916,1.0,
r1000000-f64-290325b13dfa,xgboost,cpu,65536,14.6983739832649,14.683697998407297,16.953180995187722,4458724.487117908,1.0,
r1000000-f64-290325b13dfa,xgboost,native_gpu,1,0.8684099884703755,0.8628140058135614,0.868742004968226,1151.5298226375864,0.21777503373176926,
r1000000-f64-290325b13dfa,xgboost,native_gpu,256,0.9278210054617375,0.9265959961339831,0.9289970039390028,275915.2880706765,0.3359214913245541,
r1000000-f64-290325b13dfa,xgboost,native_gpu,4096,0.9551459952490404,0.9503180044703186,0.9565249929437414,4288349.655836674,1.0631736002241292,0
r1000000-f64-290325b13dfa,xgboost,native_gpu,65536,2.4787309957901016,2.4636669986648485,2.4815360084176064,26439335.333808675,5.92979795235092,0
r20000-f16-02ec1a19bbd5,umap,accel,1,3.7244029954308644,3.7019169831182808,3.8475170003948733,268.4994081539539,0.6418561569498829,
r20000-f16-02ec1a19bbd5,umap,accel,256,9.002430000691675,8.961547020589933,9.033484995597973,28436.76651529987,5.755377268678399,0
r20000-f16-02ec1a19bbd5,umap,cpu,1,2.390530993579887,1.5137769951252267,2.584544985438697,418.31710305603366,1.0,
r20000-f16-02ec1a19bbd5,umap,cpu,256,51.81238098884933,51.37866499717347,52.29693200089969,4940.903990787345,1.0,
r20000-f16-02ec1a19bbd5,umap,native_gpu,1,1.3200130051700398,1.31572199461516,1.328252998064272,757.5682937087299,1.8109904858641497,0
r20000-f16-02ec1a19bbd5,umap,native_gpu,256,6.701056001475081,6.697234988678247,6.751833003363572,38202.93397692059,7.73197253946901,0
r20000-f64-0f6bcc768ebd,kmeans,accel,1,1.0576170025160536,0.8301670022774488,1.1345300008542836,945.521864362067,0.06989203068010659,
r20000-f64-0f6bcc768ebd,kmeans,accel,256,1.0077199985971674,0.38052200397942215,1.1491100012790412,254038.820660872,0.07246754732430218,
r20000-f64-0f6bcc768ebd,kmeans,cpu,1,0.07391899998765439,0.07193401688709855,0.07758200808893889,13528.321543405827,1.0,
r20000-f64-0f6bcc768ebd,kmeans,cpu,256,0.07302699668798596,0.07264400483109057,0.08012099715415388,3505552.899755439,1.0,
r20000-f64-0f6bcc768ebd,kmeans,native_gpu,1,0.23984401195775717,0.2387830027146265,0.2400660014245659,4169.376553691598,0.3081961454208557,
r20000-f64-0f6bcc768ebd,kmeans,native_gpu,256,0.21705799736082554,0.21375301002990454,0.2174219989683479,1179408.2830979011,0.3364400186858345,
r20000-f64-0f6bcc768ebd,logistic_regression,accel,1,0.4229560145176947,0.4221679992042482,0.43912901310250163,2364.31204587626,0.13949678028616652,
r20000-f64-0f6bcc768ebd,logistic_regression,accel,256,0.37545499799307436,0.37083998904563487,0.38756099820602685,681839.3718778574,0.14771413946343545,
r20000-f64-0f6bcc768ebd,logistic_regression,cpu,1,0.05900100222788751,0.0589400005992502,0.05926100129727274,16948.86463347801,1.0,
r20000-f64-0f6bcc768ebd,logistic_regression,cpu,256,0.05546001193579286,0.05374499596655369,0.05556600808631629,4615938.422378563,1.0,
r20000-f64-0f6bcc768ebd,logistic_regression,native_gpu,1,0.29167400498408824,0.28888801170978695,0.29965699650347233,3428.4851680716397,0.20228406103967408,
r20000-f64-0f6bcc768ebd,logistic_regression,native_gpu,256,0.24160099565051496,0.2377680066274479,0.241603993345052,1059598.2823279162,0.22955208353535878,
r20000-f64-0f6bcc768ebd,pca,accel,1,0.23617300030309707,0.23466900165658444,0.24372599727939814,4234.184257796747,0.2189963021463448,
r20000-f64-0f6bcc768ebd,pca,accel,256,0.2544870076235384,0.24953500542324036,0.2557239931775257,1005945.2637311049,0.21795210191275108,
r20000-f64-0f6bcc768ebd,pca,cpu,1,0.05172101373318583,0.05149799108039588,0.054060990805737674,19334.5011596006,1.0,
r20000-f64-0f6bcc768ebd,pca,cpu,256,0.055465978221036494,0.05318899638950825,0.05656099529005587,4615441.90169727,1.0,
r20000-f64-0f6bcc768ebd,pca,native_gpu,1,0.1506939879618585,0.15018800331745297,0.15426299069076777,6635.964802080263,0.3432188266613311,
r20000-f64-0f6bcc768ebd,pca,native_gpu,256,0.18995099526364356,0.18896399706136435,0.19159399380441755,1347716.0235179781,0.292001514096055,
r20000-f64-0f6bcc768ebd,random_forest,accel,1,0.27091900119557977,0.2689649991225451,0.2808090066537261,3691.140139993679,43.963029394203666,0
r20000-f64-0f6bcc768ebd,random_forest,accel,256,0.2827889984473586,0.2811490121530369,0.2883220149669796,905268.597454489,41.25914392918643,0
r20000-f64-0f6bcc768ebd,random_forest,cpu,1,11.91042001300957,11.82476400572341,12.086601011105813,83.96009535412817,1.0,
r20000-f64-0f6bcc768ebd,random_forest,cpu,256,11.667631988530047,11.419475020375103,11.93641398276668,21941.041699949288,1.0,
r20000-f64-0f6bcc768ebd,random_forest,native_gpu,1,0.17414300236850977,0.16942199727054685,0.17774700245354325,5742.4070241069285,68.3944795427699,0
r20000-f64-0f6bcc768ebd,random_forest,native_gpu,256,0.17834300524555147,0.1769099908415228,0.1785240019671619,1435436.1677797597,65.42242558078168,0
r20000-f64-0f6bcc768ebd,xgboost,cpu,1,0.18864200683310628,0.18517198623158038,0.21289200230967253,5301.046234546854,1.0,
r20000-f64-0f6bcc768ebd,xgboost,cpu,256,0.3217089979443699,0.3210479917470366,0.3270900051575154,795750.2016908699,1.0,
r20000-f64-0f6bcc768ebd,xgboost,native_gpu,1,0.8150350040523335,0.8118839905364439,0.8177370036719367,1226.9411682050772,0.23145264423636158,
r20000-f64-0f6bcc768ebd,xgboost,native_gpu,256,0.9013349917950109,0.89590999414213,0.9036879928316921,284023.1460338352,0.35692500665450216,
r250000-f64-9c5bd3fbfec8,random_forest,accel,1,0.2771819999907166,0.27434498770162463,0.2792899904306978,3607.737876317698,42.71594118838489,0
r250000-f64-9c5bd3fbfec8,random_forest,accel,256,0.2908979950007051,0.2892199991038069,0.2928500034613535,880033.566403163,40.53087403437197,0
r250000-f64-9c5bd3fbfec8,random_forest,accel,4096,0.600428000325337,0.5911269981879741,0.6062379979994148,6821800.4453167,19.091666271217505,0
r250000-f64-9c5bd3fbfec8,random_forest,cpu,1,11.84009001008235,11.803565997979604,11.911462002899498,84.4588173863929,1.0,
r250000-f64-9c5bd3fbfec8,random_forest,cpu,256,11.790349992224947,11.774254991905764,11.871823982801288,21712.671817954273,1.0,
r250000-f64-9c5bd3fbfec8,random_forest,cpu,4096,11.46317100210581,11.361822005710565,11.472961996332742,357318.2323850491,1.0,
r250000-f64-9c5bd3fbfec8,random_forest,native_gpu,1,0.179130001924932,0.175148990820162,0.18209300469607115,5582.537761703759,66.09774958325616,0
r250000-f64-9c5bd3fbfec8,random_forest,native_gpu,256,0.1818550081225112,0.18122199981007725,0.18297899805475026,1407714.8748498538,64.83379321773795,0
r250000-f64-9c5bd3fbfec8,random_forest,native_gpu,4096,0.20529699395410717,0.20450599549803883,0.2058730024145916,19951582.92924462,55.83701339859038,0
r50000-f16-cc6fb50197d6,umap,accel,1,3.918608999811113,2.921654988313094,3.9628969971090555,255.19259513980666,0.6716431780246309,
r50000-f16-cc6fb50197d6,umap,accel,256,9.19063200126402,9.106568002607673,9.339561001979746,27854.450049223098,5.56086480198718,0
r50000-f16-cc6fb50197d6,umap,accel,4096,13.997465997817926,13.936599003500305,14.092125988099724,292624.3936322852,50.54959569805522,0
r50000-f16-cc6fb50197d6,umap,cpu,1,2.631907002069056,2.509456011466682,2.70040899340529,379.95263480581065,1.0,
r50000-f16-cc6fb50197d6,umap,cpu,256,51.107862003846094,50.929494012962095,51.50907501229085,5009.014072643752,1.0,
r50000-f16-cc6fb50197d6,umap,cpu,4096,707.5662469869712,703.8104799867142,708.8177209952846,5788.857251800794,1.0,
r50000-f16-cc6fb50197d6,umap,native_gpu,1,1.4792310103075579,1.475434997701086,1.4829119900241494,676.0269309065408,1.7792400130401786,0
r50000-f16-cc6fb50197d6,umap,native_gpu,256,6.959648002521135,6.943073007278144,6.960147991776466,36783.46949547792,7.343455011709249,0
r50000-f16-cc6fb50197d6,umap,native_gpu,4096,11.272956995526329,11.25507999677211,11.275513985310681,363347.43418479257,62.76669442345685,0
r5000000-f64-9fa3dc05378c,kmeans,accel,1,1.2510949891293421,1.1064249847549945,1.311473999521695,799.2998203085416,0.060566137254060626,
r5000000-f64-9fa3dc05378c,kmeans,accel,256,0.7755820115562528,0.6789399922126904,0.8410989976255223,330074.7002709879,0.09364451563382134,
r5000000-f64-9fa3dc05378c,kmeans,accel,4096,1.3970930012874305,0.5130919889779761,1.4442120009334758,2931801.9603745122,0.3895710543447127,
r5000000-f64-9fa3dc05378c,kmeans,accel,65536,3.3623839990468696,3.17860500945244,3.4154439927078784,19490932.629520424,0.5730208120686813,
r5000000-f64-9fa3dc05378c,kmeans,cpu,1,0.07577399082947522,0.07234099030029029,0.08131000504363328,13197.140457474907,1.0,
r5000000-f64-9fa3dc05378c,kmeans,cpu,256,0.07262900180649012,0.07021801138762385,0.07348699728026986,3524762.74811096,1.0,
r5000000-f64-9fa3dc05378c,kmeans,cpu,4096,0.5442669935291633,0.23341299674939364,0.7992129976628348,7525718.165344754,1.0,
r5000000-f64-9fa3dc05378c,kmeans,cpu,65536,1.926716009620577,1.3818549923598766,2.0591439824784175,34014353.78787652,1.0,
r5000000-f64-9fa3dc05378c,kmeans,native_gpu,1,0.24217399186454713,0.23763399804010987,0.24250999558717012,4129.262569860601,0.3128907041011124,
r5000000-f64-9fa3dc05378c,kmeans,native_gpu,256,0.2173129905713722,0.2134950045729056,0.22174099285621196,1178024.3754729507,0.33421380661841543,
r5000000-f64-9fa3dc05378c,kmeans,native_gpu,4096,0.21827900491189212,0.21742400713264942,0.22229999012779444,18764974.67840914,2.493446374967925,0
r5000000-f64-9fa3dc05378c,kmeans,native_gpu,65536,0.4943160020047799,0.4937109915772453,0.505030999192968,132579159.35192867,3.8977415293182163,0
r5000000-f64-9fa3dc05378c,logistic_regression,accel,1,0.43262200779281557,0.4252190119586885,0.4400850011734292,2311.4866603802184,0.1567696364675183,
r5000000-f64-9fa3dc05378c,logistic_regression,accel,256,0.36988899228163064,0.36979200376663357,0.375706993509084,692099.5361902621,0.17065116703223918,
r5000000-f64-9fa3dc05378c,logistic_regression,accel,4096,0.652681992505677,0.6452710076700896,0.6752670014975592,6275644.260193639,0.1741613773220415,
r5000000-f64-9fa3dc05378c,logistic_regression,accel,65536,2.8818879945902154,2.819539004121907,2.960183977847919,22740647.840242926,0.31606050812445763,
r5000000-f64-9fa3dc05378c,logistic_regression,cpu,1,0.06782199488952756,0.06422201113309711,0.06989599205553532,14744.47930393169,1.0,
r5000000-f64-9fa3dc05378c,logistic_regression,cpu,256,0.06312198820523918,0.05801301449537277,0.06355300138238817,4055639.045583038,1.0,
r5000000-f64-9fa3dc05378c,logistic_regression,cpu,4096,0.1136719947680831,0.11303799692541361,0.11454301420599222,36033501.55292672,1.0,
r5000000-f64-9fa3dc05378c,logistic_regression,cpu,65536,0.9108509839279577,0.8764640078879893,0.9208689880324528,71950298.29948942,1.0,
r5000000-f64-9fa3dc05378c,logistic_regression,native_gpu,1,0.30580299790017307,0.30378800875041634,0.3124819922959432,3270.0791256678326,0.22178328974939449,
r5000000-f64-9fa3dc05378c,logistic_regression,native_gpu,256,0.2502360148355365,0.24500201107002795,0.2502429997548461,1023034.1950108652,0.2522498140274695,
r5000000-f64-9fa3dc05378c,logistic_regression,native_gpu,4096,0.2519409899832681,0.2519280096748844,0.2556810068199411,16257775.284093406,0.4511849968345059,
r5000000-f64-9fa3dc05378c,logistic_regression,native_gpu,65536,0.5033610068494454,0.49577001482248306,0.5145609902683645,130196815.2245089,1.8095382271046514,0
r5000000-f64-9fa3dc05378c,pca,accel,1,0.2428499865345657,0.23585499729961157,0.24471801589243114,4117.768397972163,0.27225037996170304,
r5000000-f64-9fa3dc05378c,pca,accel,256,0.25451398687437177,0.25243299023713917,0.261690016486682,1005838.6304968054,0.2492672412708744,
r5000000-f64-9fa3dc05378c,pca,accel,4096,0.8536500099580735,0.8317040192196146,0.8859380031935871,4798219.354792924,0.15016106914990257,
r5000000-f64-9fa3dc05378c,pca,accel,65536,15.07775300706271,15.033718998893164,15.087595995282754,4346536.24908842,0.10252774353656635,
r5000000-f64-9fa3dc05378c,pca,cpu,1,0.06611600110772997,0.06419901910703629,0.07019701297394931,15124.931684398025,1.0,
r5000000-f64-9fa3dc05378c,pca,cpu,256,0.06344199937302619,0.06114999996498227,0.06356499216053635,4035181.780680831,1.0,
r5000000-f64-9fa3dc05378c,pca,cpu,4096,0.1281849981751293,0.1194660144392401,0.12943599722348154,31953817.20413141,1.0,
r5000000-f64-9fa3dc05378c,pca,cpu,65536,1.5458879934158176,1.5443770098499954,1.5487700002267957,42393757.03746211,1.0,
r5000000-f64-9fa3dc05378c,pca,native_gpu,1,0.15686400001868606,0.15574099961668253,0.15790700854267925,6374.948999648596,0.4214861351224886,
r5000000-f64-9fa3dc05378c,pca,native_gpu,256,0.19297099788673222,0.19083201186731458,0.19445001089479774,1326624.2223106697,0.32876442609404244,
r5000000-f64-9fa3dc05378c,pca,native_gpu,4096,0.2133490052074194,0.21121899771969765,0.21487599587999284,19198589.634940363,0.600823041337863,
r5000000-f64-9fa3dc05378c,pca,native_gpu,65536,0.83841999003198,0.8383169915759936,0.8505619916832075,78166075.21189977,1.8438109918596437,0
r5000000-f64-9fa3dc05378c,xgboost,cpu,1,0.8334400044986978,0.7771939999656752,0.8452669862890616,1199.846413181817,1.0,
r5000000-f64-9fa3dc05378c,xgboost,cpu,256,0.8600089931860566,0.7322430028580129,0.9512699907645583,297671.30579832935,1.0,
r5000000-f64-9fa3dc05378c,xgboost,cpu,4096,1.8306279962416738,1.7842800007201731,2.0368109981063753,2237483.534835692,1.0,
r5000000-f64-9fa3dc05378c,xgboost,cpu,65536,14.551670989021659,14.496610994683579,14.573181993910111,4503675.217055339,1.0,
r5000000-f64-9fa3dc05378c,xgboost,native_gpu,1,0.8646460046293214,0.8598670101491734,0.8681920007802546,1156.542671389207,0.9639089292455567,
r5000000-f64-9fa3dc05378c,xgboost,native_gpu,256,0.9307029977208003,0.9280770027544349,0.9412450017407537,275060.89550255955,0.9240423586172319,
r5000000-f64-9fa3dc05378c,xgboost,native_gpu,4096,0.9475559927523136,0.9467190102441236,0.9557130106259137,4322699.69408623,1.9319470408543875,0
r5000000-f64-9fa3dc05378c,xgboost,native_gpu,65536,2.4737829953664914,2.456478017847985,2.4998879962367937,26492218.647614572,5.882355492085443,0
