dataset_id,rows,features,input_gib,clusters,informative_features,cluster_scale,algorithm,engine,replications,load_seconds,explicit_transfer_seconds,fit_seconds,fit_seconds_min,fit_seconds_max,one_shot_fit_seconds,one_shot_fit_seconds_min,one_shot_fit_seconds_max,quality_metric,quality_value,peak_gpu_memory_gib,fit_energy_joules,fit_speedup_vs_cpu,one_shot_speedup_vs_cpu,quality_gap_vs_cpu
r100000-f1024-c85e5bc9f5b6,100000,1024,0.3814697265625,16,8,3.0,logistic_regression,accel,3,0.05498643300961703,0.0,0.29255938400456216,0.265040300990222,0.30732701798842754,0.3472590849996777,0.32002673399983905,0.36322107099113055,roc_auc,0.9908706659297506,1.24456787109375,6.8112497853919045,0.969912361407887,0.9914936825685382,-8.229529575576322e-07
r100000-f1024-c85e5bc9f5b6,100000,1024,0.3814697265625,16,8,3.0,logistic_regression,cpu,3,0.06026266601111274,0.0,0.2837569629919017,0.28337721100251656,0.2843968119996134,0.3443051889917115,0.3431238039920572,0.34465947801072616,roc_auc,0.9908714888827082,0.468994140625,3.6864206052117514,1.0,1.0,0.0
r100000-f1024-c85e5bc9f5b6,100000,1024,0.3814697265625,16,8,3.0,logistic_regression,native_gpu,3,0.0608182699943427,0.15368020300229546,0.18383069199626334,0.1403781330009224,0.21025065099820495,0.39800646298681386,0.35715926499688067,0.4247295279928949,roc_auc,0.9908707681599318,1.20941162109375,3.308966554897896,1.543577734003577,0.865074366903229,-7.207227763483814e-07
r100000-f1024-c85e5bc9f5b6,100000,1024,0.3814697265625,16,8,3.0,pca,accel,3,0.05458557298697997,0.0,0.44220000600034837,0.4411286899994593,0.444829447005759,0.49671365700487513,0.4957142629864393,0.49970652000047266,explained_variance_ratio_sum,0.08410365134477615,1.27972412109375,8.392496704720454,4.049162957286474,3.7269061981849307,1.6391277313232422e-07
r100000-f1024-c85e5bc9f5b6,100000,1024,0.3814697265625,16,8,3.0,pca,cpu,3,0.06093735000467859,0.0,1.7905398840084672,1.7865292979986407,1.8058629750012187,1.8512052070145728,1.8474666480033193,1.8679952069942374,explained_variance_ratio_sum,0.08410348743200302,0.468994140625,13.46074984121353,1.0,1.0,0.0
r100000-f1024-c85e5bc9f5b6,100000,1024,0.3814697265625,16,8,3.0,pca,native_gpu,3,0.06117763899965212,0.15586133798933588,0.041285829996922985,0.0397107209864771,0.041482453991193324,0.2580593360034982,0.2561678549827775,0.25941540198982693,explained_variance_ratio_sum,0.08410363644361496,1.57464599609375,0.3238554365703312,43.36935660835486,7.173564172037854,1.4901161193847656e-07
r100000-f1024-c85e5bc9f5b6,100000,1024,0.3814697265625,16,8,3.0,xgboost,cpu,3,0.06042164198879618,0.0,23.409156078996602,23.379663647996495,23.469337432004977,23.46968055400066,23.439652192988433,23.529759073993773,roc_auc,0.9907687373277385,0.69378662109375,173.8992691451157,1.0,1.0,0.0
r100000-f1024-c85e5bc9f5b6,100000,1024,0.3814697265625,16,8,3.0,xgboost,native_gpu,3,0.060522927989950404,0.15548170200781897,6.052242343997932,6.0497218660020735,6.0524579220073065,6.26960680699267,6.265079300021171,6.276191762008239,roc_auc,0.9908872323305893,2.26214599609375,393.0540443052396,3.8678484350864917,3.743405492003783,0.00011849500285077141
r100000-f16-56c3ab1266f5,100000,16,0.0059604644775390625,16,8,6.0,hdbscan,accel,3,0.001959799003088847,0.0,0.5483926120068645,0.5477526460017543,0.551357600998017,0.5503524110099534,0.5497038030007388,0.5538843980029924,adjusted_rand_score,0.9999465777382499,1.14300537109375,23.04197681487602,3.0752959176942105,3.0681952876199827,-4.003583105860464e-05
r100000-f16-56c3ab1266f5,100000,16,0.0059604644775390625,16,8,6.0,hdbscan,cpu,3,0.002132420995621942,0.0,1.6864695609983755,1.653336584000499,1.716595899008098,1.6885886739910347,1.6561463539983379,1.71872832000372,adjusted_rand_score,0.9999866135693085,0.468994140625,17.04540858424603,1.0,1.0,0.0
r100000-f16-56c3ab1266f5,100000,16,0.0059604644775390625,16,8,6.0,hdbscan,native_gpu,3,0.0023069939925335348,0.004722379002487287,0.508756530995015,0.5087028479902074,0.5125011490017641,0.5165662339859409,0.5152691059920471,0.5193313899944769,adjusted_rand_score,0.9999465777382499,1.03753662109375,20.36584916031617,3.3148853297273937,3.268871565532857,-4.003583105860464e-05
r100000-f16-56c3ab1266f5,100000,16,0.0059604644775390625,16,8,6.0,umap,accel,3,0.0019764620083151385,0.0,0.3210480100096902,0.3194751249975525,0.32276629700209014,0.32299704299657606,0.3214515870058676,0.32519499299814925,trustworthiness,0.9770399598393574,0.93402099609375,5.66791198146285,66.09673694399234,65.70506150496217,0.000653915662650606
r100000-f16-56c3ab1266f5,100000,16,0.0059604644775390625,16,8,6.0,umap,cpu,3,0.0023812639992684126,0.0,21.220225864002714,21.150861903006444,21.23844932699285,21.222540576010942,21.153472459016484,21.24083059099212,trustworthiness,0.9763860441767068,0.468994140625,151.2567975045252,1.0,1.0,0.0
r100000-f16-56c3ab1266f5,100000,16,0.0059604644775390625,16,8,6.0,umap,native_gpu,3,0.0021388510067481548,0.0047254899982362986,0.3083168759912951,0.3076922930049477,0.31073365100019146,0.3158284709788859,0.3143273570021847,0.31760417998884805,trustworthiness,0.9770399598393574,0.81878662109375,5.29818355927497,68.82602775399761,67.19641364261214,0.000653915662650606
r100000-f16-c266220c3755,100000,16,0.0059604644775390625,16,8,3.0,kmeans,accel,3,0.0020335669978521764,0.0,0.025395156000740826,0.016526436011190526,0.027962027001194656,0.027178688993444666,0.018655821011634544,0.029995593999046832,adjusted_rand_score,0.9132044558766278,0.92230224609375,0.0,1.6457839049726017,1.617430591776994,-0.08287132098207883
r100000-f16-c266220c3755,100000,16,0.0059604644775390625,16,8,3.0,kmeans,cpu,3,0.0021647040121024475,0.0,0.041794939010287635,0.04079190699849278,0.042140493998886086,0.04395964302239008,0.0429355269880034,0.045277387005626224,adjusted_rand_score,0.9960757768587066,0.468994140625,0.14790516437683254,1.0,1.0,0.0
r100000-f16-c266220c3755,100000,16,0.0059604644775390625,16,8,3.0,kmeans,native_gpu,3,0.0026705780037445948,0.00470200800918974,0.0075512979965424165,0.006945034998352639,0.007653079999727197,0.014375958999153227,0.014314946995000355,0.015046030006487854,adjusted_rand_score,0.9960495003934235,0.76995849609375,0.0,5.534801967744443,3.05785812445482,-2.6276465283081585e-05
r100000-f16-c266220c3755,100000,16,0.0059604644775390625,16,8,3.0,logistic_regression,accel,3,0.0020740649924846366,0.0,0.014475671996478923,0.014350857003591955,0.016503529986948706,0.01642492199607659,0.016424859000835568,0.018624479984282516,roc_auc,0.9911453565976579,0.94378662109375,0.0,1.3323007730085974,1.3366795283911408,-9.272484075006915e-07
r100000-f16-c266220c3755,100000,16,0.0059604644775390625,16,8,3.0,logistic_regression,cpu,3,0.002668907996849157,0.0,0.019285948990727775,0.01918076298898086,0.019334265001816675,0.02195485698757693,0.021328300979803316,0.0227671820030082,roc_auc,0.9911462838460654,0.468994140625,0.0,1.0,1.0,0.0
r100000-f16-c266220c3755,100000,16,0.0059604644775390625,16,8,3.0,logistic_regression,native_gpu,3,0.0021975120034767315,0.004676818993175402,0.015871105002588592,0.014366757997777313,0.017922751998412423,0.022700112996972166,0.02127975699841045,0.02455464999366086,roc_auc,0.9911454027039323,0.83050537109375,0.0,1.215161073383499,0.9671695022181326,-8.811421331467173e-07
r100000-f16-c266220c3755,100000,16,0.0059604644775390625,16,8,3.0,pca,accel,3,0.0021071179944556206,0.0,0.004449832995305769,0.004446534992894158,0.004607124996255152,0.006553652987349778,0.006522233990835957,0.006934832985280082,explained_variance_ratio_sum,0.9115373492240906,0.97503662109375,0.0,2.3314899714165134,1.992636631889108,-5.960464477539063e-08
r100000-f16-c266220c3755,100000,16,0.0059604644775390625,16,8,3.0,pca,cpu,3,0.0025644960114732385,0.0,0.010374741003033705,0.009873486997094005,0.011265736000495963,0.013059049015282653,0.012437983008567244,0.013412254993454553,explained_variance_ratio_sum,0.9115374088287354,0.468994140625,0.0,1.0,1.0,0.0
r100000-f16-c266220c3755,100000,16,0.0059604644775390625,16,8,3.0,pca,native_gpu,3,0.0021461760043166578,0.004756130001624115,0.0051932860078522936,0.0046309829922392964,0.005361132003599778,0.012206546001834795,0.011533288998180069,0.01391947599768173,explained_variance_ratio_sum,0.9115373492240906,0.86370849609375,0.0,1.997721863834768,1.0698398231014503,-5.960464477539063e-08
r100000-f16-c266220c3755,100000,16,0.0059604644775390625,16,8,3.0,xgboost,cpu,3,0.002235054998891428,0.0,0.36760749699897133,0.36436851701000705,0.3754428269894561,0.37025351999909617,0.36651683601667173,0.3776778819883475,roc_auc,0.9899052310119533,0.69378662109375,5.886755628392347,1.0,1.0,0.0
r100000-f16-c266220c3755,100000,16,0.0059604644775390625,16,8,3.0,xgboost,native_gpu,3,0.002371852009673603,0.00470373299322091,0.35572050701011904,0.3551344970037462,0.3559794199973112,0.3627416569943307,0.36221008200664073,0.36339143801887985,roc_auc,0.9896738338665321,0.82073974609375,7.597392950998239,1.0334166564890062,1.0207085755383283,-0.00023139714542119716
r100000-f256-c09c5a1c18ca,100000,256,0.095367431640625,16,8,3.0,kmeans,accel,3,0.014689867006381974,0.0,0.08908609300851822,0.08481186899007298,0.08938811800908297,0.10364152600232046,0.09960088199295569,0.10407798501546495,adjusted_rand_score,0.8018598141907756,1.06097412109375,0.9373789986161427,6.467564863832556,5.730792703552204,-0.11193647752452185
r100000-f256-c09c5a1c18ca,100000,256,0.095367431640625,16,8,3.0,kmeans,cpu,3,0.017778016001102515,0.0,0.5761700849980116,0.5751485579967266,0.5904678549995879,0.5939481009991141,0.5928702940000221,0.6084369650052395,adjusted_rand_score,0.9137962917152974,0.468994140625,4.039003764518275,1.0,1.0,0.0
r100000-f256-c09c5a1c18ca,100000,256,0.095367431640625,16,8,3.0,kmeans,native_gpu,3,0.017692302993964404,0.04719245700107422,0.02339957599178888,0.023363394997431897,0.0234344839991536,0.08887223299825564,0.0882843359868275,0.08887268100806978,adjusted_rand_score,0.8429324341873438,0.86175537109375,0.3220035357657325,24.623099375826076,6.683168420115785,-0.07086385752795366
r100000-f256-c09c5a1c18ca,100000,256,0.095367431640625,16,8,3.0,logistic_regression,accel,3,0.014365479000844061,0.0,0.028326120009296574,0.026173308011493646,0.04404942999826744,0.042684676009230316,0.04053878701233771,0.05894329799048137,roc_auc,0.9912556615855496,1.02581787109375,0.21751139476364187,2.8630498269034,2.310571760117706,-1.9488356572949783e-07
r100000-f256-c09c5a1c18ca,100000,256,0.095367431640625,16,8,3.0,logistic_regression,cpu,3,0.017536432002088986,0.0,0.0810990929894615,0.08099320500332396,0.08234664700285066,0.09862600697670132,0.09852963700541295,0.1003783970081713,roc_auc,0.9912558564691153,0.468994140625,0.9616539779153972,1.0,1.0,0.0
r100000-f256-c09c5a1c18ca,100000,256,0.095367431640625,16,8,3.0,logistic_regression,native_gpu,3,0.01830353900732007,0.046368704992346466,0.028261518004001118,0.0255050159903476,0.02885404600237962,0.09218848000455182,0.08977512099954765,0.09293376200366765,roc_auc,0.9912556872281241,0.92230224609375,0.0,2.8695943713278216,1.069830058721346,-1.6924099122128666e-07
r100000-f256-c09c5a1c18ca,100000,256,0.095367431640625,16,8,3.0,pca,accel,3,0.014921195994247682,0.0,0.09723289300745819,0.0970220250019338,0.09876549699401949,0.11194322099618148,0.1118612600112101,0.1167104299966013,explained_variance_ratio_sum,0.276449978351593,1.01800537109375,1.3419657829371283,2.6645083880142746,2.4726451189656604,2.086162567138672e-07
r100000-f256-c09c5a1c18ca,100000,256,0.095367431640625,16,8,3.0,pca,cpu,3,0.017710266998619772,0.0,0.25907785900926683,0.2590119910018984,0.2590855919988826,0.27679585899750236,0.27661774000443984,0.27685713999380823,explained_variance_ratio_sum,0.2764497697353363,0.468994140625,4.122202136152773,1.0,1.0,0.0
r100000-f256-c09c5a1c18ca,100000,256,0.095367431640625,16,8,3.0,pca,native_gpu,3,0.01844728199648671,0.04739647799578961,0.012306021002586931,0.012061429995810613,0.012443722996977158,0.07748956997238565,0.07704390998696908,0.07814978099486325,explained_variance_ratio_sum,0.276449978351593,0.95355224609375,0.0,21.05293489705603,3.572040199682898,2.086162567138672e-07
r100000-f256-c09c5a1c18ca,100000,256,0.095367431640625,16,8,3.0,xgboost,cpu,3,0.017690136999590322,0.0,6.538796142995125,6.52616676800244,6.559907513001235,6.556486279994715,6.543808007001644,6.578766434002318,roc_auc,0.9900376803271739,0.69378662109375,99.97534690067276,1.0,1.0,0.0
r100000-f256-c09c5a1c18ca,100000,256,0.095367431640625,16,8,3.0,xgboost,native_gpu,3,0.017671569003141485,0.04604304399981629,1.6920868029992562,1.6911346400011098,1.6926967489998788,1.7563695260032546,1.7545426380092977,1.7572725729987724,roc_auc,0.9900242179755862,1.15277099609375,99.34871577987693,3.864338479210986,3.732976564968348,-1.346235158772302e-05
r100000-f64-95c45761708e,100000,64,0.02384185791015625,16,8,3.0,kmeans,accel,3,0.004236722001223825,0.0,0.041047972990782,0.04022120000445284,0.04355594799562823,0.04588139499537647,0.044457922005676664,0.047376369999255985,adjusted_rand_score,0.9080655576816572,0.92034912109375,0.3375569358400971,2.827559256804967,2.6243685488608084,0.07322052910314614
r100000-f64-95c45761708e,100000,64,0.02384185791015625,16,8,3.0,kmeans,cpu,3,0.0043441140005597845,0.0,0.11606557600316592,0.11405344899685588,0.1216339150123531,0.1204096900037257,0.1183273699862184,0.12601763500424568,adjusted_rand_score,0.8348450285785111,0.468994140625,1.7595161358156473,1.0,1.0,0.0
r100000-f64-95c45761708e,100000,64,0.02384185791015625,16,8,3.0,kmeans,native_gpu,3,0.004322257998865098,0.014348309006891213,0.008035471008042805,0.00798214299720712,0.012176500997156836,0.026858575001824647,0.02635724401625339,0.031003259995486587,adjusted_rand_score,0.8327279880499818,0.78558349609375,0.0,14.4441534151507,4.483100462163224,-0.002117040528529235
r100000-f64-95c45761708e,100000,64,0.02384185791015625,16,8,3.0,logistic_regression,accel,3,0.0038142510020406917,0.0,0.01986691499769222,0.019531527010258287,0.02319800600525923,0.02368116599973291,0.023340086001553573,0.0273717179952655,roc_auc,0.9919322954459651,0.94573974609375,0.0,1.9965397247747514,1.8629034563801543,4.7095259103624443e-07
r100000-f64-95c45761708e,100000,64,0.02384185791015625,16,8,3.0,logistic_regression,cpu,3,0.004450640990398824,0.0,0.03966508500161581,0.0392624660016736,0.04408930799399968,0.04411572599201463,0.043553337003686465,0.04872364699258469,roc_auc,0.991931824493374,0.468994140625,0.41309709773235953,1.0,1.0,0.0
r100000-f64-95c45761708e,100000,64,0.02384185791015625,16,8,3.0,logistic_regression,native_gpu,3,0.004306888993596658,0.014216198003850877,0.02033429199946113,0.016981091001071036,0.021204246004344895,0.03936668700771406,0.03568123999866657,0.0400416310003493,roc_auc,0.9919323875888636,0.85003662109375,0.0,1.9506499170301554,1.1206359829916592,5.63095489569676e-07
r100000-f64-95c45761708e,100000,64,0.02384185791015625,16,8,3.0,pca,accel,3,0.004122216996620409,0.0,0.02462697000009939,0.02453145300387405,0.025007374002598226,0.02875862301152665,0.028487098999903537,0.029129590999218635,explained_variance_ratio_sum,0.655535876750946,0.98089599609375,0.18976855283592886,2.0015519975964913,1.869452580552926,-2.980232238769531e-07
r100000-f64-95c45761708e,100000,64,0.02384185791015625,16,8,3.0,pca,cpu,3,0.004467721999390051,0.0,0.0492921609984478,0.04669475500122644,0.04969222600630019,0.05376288200204726,0.05098004599858541,0.05415994800569024,explained_variance_ratio_sum,0.6555361747741699,0.468994140625,0.7840332961951062,1.0,1.0,0.0
r100000-f64-95c45761708e,100000,64,0.02384185791015625,16,8,3.0,pca,native_gpu,3,0.004350489005446434,0.014121175001491793,0.005916907000937499,0.005842106998898089,0.009713390012620948,0.025839776993962005,0.023873953003203496,0.028260097009479068,explained_variance_ratio_sum,0.655535876750946,0.88128662109375,0.0,8.33073107125695,2.0806248449671245,-2.980232238769531e-07
r100000-f64-95c45761708e,100000,64,0.02384185791015625,16,8,3.0,random_forest,accel,3,0.004167355989920907,0.0,0.6771188589918893,0.669895839993842,0.6798120949970325,0.6809574879880529,0.6740631959837629,0.6846530649927445,roc_auc,0.9868669853275233,1.16839599609375,31.361875183995075,7.352392890668077,7.317212938956822,-0.0002147339053870656
r100000-f64-95c45761708e,100000,64,0.02384185791015625,16,8,3.0,random_forest,cpu,3,0.004270137011189945,0.0,4.978443884989247,4.957230040992727,5.00800132099539,4.982710941985715,4.9615001780039165,5.0124600999988616,roc_auc,0.9870817192329103,0.468994140625,35.343060210085405,1.0,1.0,0.0
r100000-f64-95c45761708e,100000,64,0.02384185791015625,16,8,3.0,random_forest,native_gpu,3,0.004310684002120979,0.014669424999738112,0.9631085970031563,0.9501542619982501,0.9740044280042639,0.9820795350096887,0.9692790109984344,0.991472016001353,roc_auc,0.9868669853275233,0.82269287109375,40.85105322014911,5.169140739144426,5.073632800969178,-0.0002147339053870656
r100000-f64-95c45761708e,100000,64,0.02384185791015625,16,8,3.0,xgboost,cpu,3,0.004463957011466846,0.0,1.2972189379943302,1.2700260330020683,1.303766107012052,1.301504095987184,1.2744899900135351,1.3085329880123027,roc_auc,0.990724598954434,0.69378662109375,20.05265345503708,1.0,1.0,0.0
r100000-f64-95c45761708e,100000,64,0.02384185791015625,16,8,3.0,xgboost,native_gpu,3,0.004342214990174398,0.0148227999889059,0.6429728799994336,0.6413207740115467,0.6445075009978609,0.6621193349856185,0.6595485800062306,0.6643388949887594,roc_auc,0.9908255875709469,0.87542724609375,26.01261980345483,2.0175328981145717,1.965663932794612,0.00010098861651286484
r1000000-f64-290325b13dfa,1000000,64,0.2384185791015625,16,8,3.0,kmeans,accel,3,0.03556335200846661,0.0,0.2007762860012008,0.19720759900519624,0.20125345200358424,0.2363396380096674,0.23298563400749117,0.23677733099611942,adjusted_rand_score,0.7388161273846042,1.29730224609375,2.9669118824100003,7.941139089441228,6.928873170768871,-0.031125503007924826
r1000000-f64-290325b13dfa,1000000,64,0.2384185791015625,16,8,3.0,kmeans,cpu,3,0.043047175990068354,0.0,1.5943924129969673,1.5683344939898234,1.594520201004343,1.6375673769944115,1.6105984469904797,1.6381743679958163,adjusted_rand_score,0.769941630392529,0.468994140625,21.585262708009065,1.0,1.0,0.0
r1000000-f64-290325b13dfa,1000000,64,0.2384185791015625,16,8,3.0,kmeans,native_gpu,3,0.04284608899615705,0.08566007400804665,0.07775361899985,0.07711923199531157,0.07816468400415033,0.20744851999916136,0.2062597820040537,0.20882354500645306,adjusted_rand_score,0.9957020213177802,1.05511474609375,0.9687854785630479,20.505700358462324,7.893849409005336,0.22576039092525113
r1000000-f64-290325b13dfa,1000000,64,0.2384185791015625,16,8,3.0,logistic_regression,accel,3,0.03561485800310038,0.0,0.25785990100121126,0.24195253400830552,0.2739264120027656,0.2936147790023824,0.2775673920114059,0.3092987459967844,roc_auc,0.9915337435639883,1.07659912109375,2.6861244301870464,1.4415834046325722,1.4109521305376793,3.315627494782092e-08
r1000000-f64-290325b13dfa,1000000,64,0.2384185791015625,16,8,3.0,logistic_regression,cpu,3,0.042866036004852504,0.0,0.37172655400354415,0.3210795560007682,0.40101593401050195,0.4142763979907613,0.3640312380011892,0.44388197001535445,roc_auc,0.9915337104077133,0.468994140625,5.844039400754612,1.0,1.0,0.0
r1000000-f64-290325b13dfa,1000000,64,0.2384185791015625,16,8,3.0,logistic_regression,native_gpu,3,0.04409474300337024,0.08708464600204024,0.18894858000567183,0.14438532300118823,0.24518932099454105,0.3214178860071115,0.2755960850045085,0.3747202179947635,roc_auc,0.9915337627220825,1.08245849609375,2.3948098398852014,1.9673424060259448,1.2889027525418895,5.231436916997012e-08
r1000000-f64-290325b13dfa,1000000,64,0.2384185791015625,16,8,3.0,pca,accel,3,0.03564141600509174,0.0,0.2702456439874368,0.26902644100482576,0.2705882640002528,0.3057184189965483,0.304689517011866,0.30622968000534456,explained_variance_ratio_sum,0.6539775729179382,1.16448974609375,4.585179239748686,3.525021239751089,3.256254766303448,4.112720489501953e-06
r1000000-f64-290325b13dfa,1000000,64,0.2384185791015625,16,8,3.0,pca,cpu,3,0.04308169599971734,0.0,0.9526216350059258,0.9524070829938864,0.9598291460133623,0.9954970590042649,0.9954887789936038,1.0043703950213967,explained_variance_ratio_sum,0.6539734601974487,0.468994140625,15.160342884511163,1.0,1.0,0.0
r1000000-f64-290325b13dfa,1000000,64,0.2384185791015625,16,8,3.0,pca,native_gpu,3,0.043737972009694204,0.08718380000209436,0.05104012899391819,0.051022611994994804,0.05106249000527896,0.18198426201706752,0.17926373600494117,0.18580037099309266,explained_variance_ratio_sum,0.6539775729179382,1.29144287109375,0.6618843681274447,18.664169816644424,5.470237085176637,4.112720489501953e-06
r1000000-f64-290325b13dfa,1000000,64,0.2384185791015625,16,8,3.0,random_forest,accel,3,0.035725779001950286,0.0,3.351378384002601,3.3484672339982353,3.357821990008233,3.387104163004551,3.3840413829893805,3.3936913900106447,roc_auc,0.9872003354434153,1.38714599609375,208.76837606462195,25.028919668220855,24.77747470085505,9.529016414078217e-05
r1000000-f64-290325b13dfa,1000000,64,0.2384185791015625,16,8,3.0,random_forest,cpu,3,0.04266713999095373,0.0,83.88138035101292,83.56872354200459,84.37695263900969,83.92388770800608,83.61139068199554,84.42100508401927,roc_auc,0.9871050452792746,0.468994140625,589.9415098745072,1.0,1.0,0.0
r1000000-f64-290325b13dfa,1000000,64,0.2384185791015625,16,8,3.0,random_forest,native_gpu,3,0.04383253899868578,0.0876920120063005,3.5459191519912565,3.5456371100008255,3.551845345995389,3.677319581984193,3.6771616610058118,3.681333572996664,roc_auc,0.9872003354434153,1.06488037109375,219.1920024008888,23.6557509507537,22.822027250273084,9.529016414078217e-05
r1000000-f64-290325b13dfa,1000000,64,0.2384185791015625,16,8,3.0,xgboost,cpu,3,0.043918441006098874,0.0,6.730770378009765,6.680641651008045,6.7426172489940654,6.774688819015864,6.72309966001194,6.787284025995177,roc_auc,0.9911937886985682,0.69378662109375,103.99147230872755,1.0,1.0,0.0
r1000000-f64-290325b13dfa,1000000,64,0.2384185791015625,16,8,3.0,xgboost,native_gpu,3,0.04291950800688937,0.08634145799442194,1.430532834987389,1.4261347389983712,1.4317269650055096,1.5605467239802238,1.5553957049996825,1.5620560950046638,roc_auc,0.9911683808763199,1.77191162109375,93.1696562488648,4.705079263747973,4.3412277985094905,-2.5407822248357803e-05
r20000-f16-02ec1a19bbd5,20000,16,0.0011920928955078125,16,8,6.0,hdbscan,accel,3,0.0006989399989834055,0.0,0.04033763699408155,0.03604102700774092,0.04055081101250835,0.04104154199012555,0.03673777500807773,0.04124975101149175,adjusted_rand_score,1.0,0.81488037109375,0.33796957837422087,5.79941747781779,5.7201460668780255,0.0
r20000-f16-02ec1a19bbd5,20000,16,0.0011920928955078125,16,8,6.0,hdbscan,cpu,3,0.0008288179960800335,0.0,0.23393479699734598,0.2330274329870008,0.23719489500217605,0.23476361499342602,0.2338671009929385,0.2380205619992921,adjusted_rand_score,1.0,0.468994140625,1.5302070288062677,1.0,1.0,0.0
r20000-f16-02ec1a19bbd5,20000,16,0.0011920928955078125,16,8,6.0,hdbscan,native_gpu,3,0.000783405004767701,0.0010642769921105355,0.023975778996828012,0.023889428994152695,0.02398302499204874,0.025830706988926977,0.025734025985002518,0.025837893001153134,adjusted_rand_score,1.0,0.71331787109375,0.3248209026970435,9.757130186606053,9.088547792906471,0.0
r20000-f16-02ec1a19bbd5,20000,16,0.0011920928955078125,16,8,6.0,umap,accel,3,0.0006967819936107844,0.0,0.08599369099829346,0.08556836801290046,0.08603693399345502,0.08669047299190424,0.08627476800756995,0.0867235469922889,trustworthiness,0.9770708835341365,0.86175537109375,1.426629833070212,48.73414009025646,48.35129095888941,-0.0008746485943775806
r20000-f16-02ec1a19bbd5,20000,16,0.0011920928955078125,16,8,6.0,umap,cpu,3,0.000747405007132329,0.0,4.1908285839890596,4.131262536000577,4.352920382996672,4.191596282995306,4.131987629996729,4.353667788003804,trustworthiness,0.9779455321285141,0.468994140625,29.678085607628876,1.0,1.0,0.0
r20000-f16-02ec1a19bbd5,20000,16,0.0011920928955078125,16,8,6.0,umap,native_gpu,3,0.0008387389971176162,0.0010973220050800592,0.07975318501121365,0.07971821000683121,0.08004673400137108,0.08171492299879901,0.08162965200608596,0.08192818700626958,trustworthiness,0.9770708835341365,0.76605224609375,1.0199718164224758,52.5474761089455,51.295358658747205,-0.0008746485943775806
r20000-f64-0f6bcc768ebd,20000,64,0.00476837158203125,16,8,3.0,kmeans,accel,3,0.0018657320033526048,0.0,0.010210372012807056,0.00981001699983608,0.011147790995892137,0.012076104016159661,0.011652667002636008,0.013024254003539681,adjusted_rand_score,0.8521988499572462,0.87933349609375,0.0,2.352475892224444,2.173273513667727,-0.0568979452730527
r20000-f64-0f6bcc768ebd,20000,64,0.00476837158203125,16,8,3.0,kmeans,cpu,3,0.002066148997982964,0.0,0.024019654010771774,0.022628701000940055,0.02789446199312806,0.026244677006616257,0.02469484999892302,0.029950010997708887,adjusted_rand_score,0.9090967952302988,0.468994140625,0.1446751681023743,1.0,1.0,0.0
r20000-f64-0f6bcc768ebd,20000,64,0.00476837158203125,16,8,3.0,kmeans,native_gpu,3,0.0022504829976242036,0.0026812839932972565,0.005288458996801637,0.005170686999917962,0.008314934006193653,0.010217360992101021,0.010100657993461937,0.013466289994539693,adjusted_rand_score,0.913971114139674,0.76409912109375,0.0,4.541900395804982,2.5686355827993017,0.004874318909375175
r20000-f64-0f6bcc768ebd,20000,64,0.00476837158203125,16,8,3.0,logistic_regression,accel,3,0.0018860799900721759,0.0,0.015991171007044613,0.011452652994194068,0.01642922600149177,0.017840364002040587,0.013467398995999247,0.018315305991563946,roc_auc,0.9905953786144062,0.94769287109375,0.0,0.43415263346572525,0.5189411494699664,-8.988824066635814e-06
r20000-f64-0f6bcc768ebd,20000,64,0.00476837158203125,16,8,3.0,logistic_regression,cpu,3,0.0023154899972723797,0.0,0.006942609004909173,0.0061009420023765415,0.010554213004070334,0.009258099002181552,0.008480165008222684,0.012594874002388678,roc_auc,0.9906043674384728,0.468994140625,0.0,1.0,1.0,0.0
r20000-f64-0f6bcc768ebd,20000,64,0.00476837158203125,16,8,3.0,logistic_regression,native_gpu,3,0.0020842829981120303,0.0026812520081875846,0.012982418003957719,0.009319122007582337,0.015063852988532744,0.017901945000630803,0.01404888201795984,0.019821178997517563,roc_auc,0.9905966627321299,0.82659912109375,0.0,0.534770102364036,0.517156040969589,-7.70470634292586e-06
r20000-f64-0f6bcc768ebd,20000,64,0.00476837158203125,16,8,3.0,pca,accel,3,0.0018774430063785985,0.0,0.007363653989159502,0.007291489004273899,0.00748246000148356,0.0092410969955381,0.008944487999542616,0.009579296005540527,explained_variance_ratio_sum,0.65958571434021,0.97698974609375,0.0,1.524147525340123,1.431064406862933,2.384185791015625e-07
r20000-f64-0f6bcc768ebd,20000,64,0.00476837158203125,16,8,3.0,pca,cpu,3,0.0019702650024555624,0.0,0.01122329500503838,0.011196648003533483,0.011260261002462357,0.013224604990682565,0.013166913005989045,0.013393714994890615,explained_variance_ratio_sum,0.6595854759216309,0.468994140625,0.0,1.0,1.0,0.0
r20000-f64-0f6bcc768ebd,20000,64,0.00476837158203125,16,8,3.0,pca,native_gpu,3,0.0026121759874513373,0.002694833994610235,0.00604750300408341,0.005985872994642705,0.006226964003872126,0.011533973985933699,0.010683627988328226,0.01156302701565437,explained_variance_ratio_sum,0.65958571434021,0.85980224609375,0.0,1.8558560446286938,1.1465783611798224,2.384185791015625e-07
r20000-f64-0f6bcc768ebd,20000,64,0.00476837158203125,16,8,3.0,random_forest,accel,3,0.0018757179932435974,0.0,0.410562161996495,0.4077822809922509,0.4138954969967017,0.4124378799897386,0.4096725309937028,0.4157299059879733,roc_auc,0.9831056335785485,1.15277099609375,12.134297042359902,1.906082073431596,1.902168457536377,-0.00024167095561977714
r20000-f64-0f6bcc768ebd,20000,64,0.00476837158203125,16,8,3.0,random_forest,cpu,3,0.001969609991647303,0.0,0.7825651770108379,0.7754564810020383,0.793332712011761,0.7845263260096544,0.7774260909936856,0.7957491270208266,roc_auc,0.9833473045341683,0.468994140625,5.603091039255814,1.0,1.0,0.0
r20000-f64-0f6bcc768ebd,20000,64,0.00476837158203125,16,8,3.0,random_forest,native_gpu,3,0.0020611990039469674,0.002713901994866319,0.6786964769999031,0.6759008480003104,0.6798595979926176,0.6834715779987164,0.6806216730037704,0.6851815059781075,roc_auc,0.9831056335785485,0.79534912109375,24.139429548242845,1.1530414604037347,1.1478550846354694,-0.00024167095561977714
r20000-f64-0f6bcc768ebd,20000,64,0.00476837158203125,16,8,3.0,xgboost,cpu,3,0.002069681999273598,0.0,0.5361265880055726,0.5318249580013799,0.5384636020025937,0.5381558410153957,0.5338946400006535,0.5407597580051515,roc_auc,0.989006924990061,0.69378662109375,8.141749687345404,1.0,1.0,0.0
r20000-f64-0f6bcc768ebd,20000,64,0.00476837158203125,16,8,3.0,xgboost,native_gpu,3,0.002102108992403373,0.0026921009994111955,0.47974543400050607,0.47886365299928,0.48031381600594614,0.4844636470224941,0.4836568159953458,0.4852285780070815,roc_auc,0.9890048704017028,0.84613037109375,14.696108518112172,1.1175230653784753,1.1108281174921855,-2.054588358224585e-06
r250000-f64-9c5bd3fbfec8,250000,64,0.059604644775390625,16,8,3.0,random_forest,accel,3,0.01000962899706792,0.0,1.2240824250038713,1.204653574997792,1.231319724000059,1.2342325880163116,1.21466320399486,1.241178588999901,roc_auc,0.9871571507490959,1.20941162109375,66.33101388672068,11.654550332220651,11.567995707314953,-8.390769196386927e-05
r250000-f64-9c5bd3fbfec8,250000,64,0.059604644775390625,16,8,3.0,random_forest,cpu,3,0.011573252995731309,0.0,14.266130232994328,14.21977935200266,14.276934402994812,14.277597280000919,14.231352604998392,14.288680126992404,roc_auc,0.9872410584410598,0.468994140625,102.07540052701367,1.0,1.0,0.0
r250000-f64-9c5bd3fbfec8,250000,64,0.059604644775390625,16,8,3.0,random_forest,native_gpu,3,0.011563099003979005,0.026489659008802846,1.4264962220040616,1.4207397080026567,1.4332224699901417,1.464133199013304,1.4585104460129514,1.4735936910001328,roc_auc,0.9871571507490959,0.86566162109375,70.12834928128129,10.000818798490803,9.751569932040852,-8.390769196386927e-05
r50000-f16-cc6fb50197d6,50000,16,0.0029802322387695312,16,8,6.0,hdbscan,accel,3,0.00132455000129994,0.0,0.15329594399372581,0.15214168699458241,0.1533627949975198,0.15462049399502575,0.15334332398197148,0.15472009099903516,adjusted_rand_score,0.9994087684702284,0.92230224609375,2.110322039149643,3.791052906288975,3.7705742164580065,-0.0005912315297715853
r50000-f16-cc6fb50197d6,50000,16,0.0029802322387695312,16,8,6.0,hdbscan,cpu,3,0.0017059919919120148,0.0,0.5811530339997262,0.5711964999936754,0.5915573719976237,0.5830080479936441,0.5729024919855874,0.5929950610006927,adjusted_rand_score,1.0,0.468994140625,9.227012642417112,1.0,1.0,0.0
r50000-f16-cc6fb50197d6,50000,16,0.0029802322387695312,16,8,6.0,hdbscan,native_gpu,3,0.0016715219971956685,0.0025077249883906916,0.12689765301183797,0.12616823699499946,0.1274672629951965,0.13107689999742433,0.13040502500371076,0.13151626898616087,adjusted_rand_score,0.9994087684702284,0.87152099609375,1.9589565126032105,4.579698837657083,4.447832135220624,-0.0005912315297715853
r50000-f16-cc6fb50197d6,50000,16,0.0029802322387695312,16,8,6.0,umap,accel,3,0.0013367760111577809,0.0,0.17143657599808648,0.17068604100495577,0.17207279799913522,0.172782585999812,0.17202281701611355,0.1733874729980016,trustworthiness,0.9762351907630522,0.90277099609375,2.7816442470857874,60.98055423200897,60.51485718020317,-0.000465913654618455
r50000-f16-cc6fb50197d6,50000,16,0.0029802322387695312,16,8,6.0,umap,cpu,3,0.0016160950035555288,0.0,10.45429742000124,10.43046192699694,10.556725889997324,10.455913515004795,10.43199380999431,10.558492451993516,trustworthiness,0.9767011044176707,0.468994140625,74.12971972312138,1.0,1.0,0.0
r50000-f16-cc6fb50197d6,50000,16,0.0029802322387695312,16,8,6.0,umap,native_gpu,3,0.0017985729937208816,0.0025135840114671737,0.16521377699973527,0.16366052599914838,0.16561023700342048,0.16946990801079664,0.16800309599784669,0.16994275500474032,trustworthiness,0.9762351907630522,0.78948974609375,2.6024596382181624,63.27739495973142,61.69775883951425,-0.000465913654618455
r5000000-f64-9fa3dc05378c,5000000,64,1.1920928955078125,16,8,3.0,kmeans,accel,3,0.17327646700141486,0.0,0.898888129988336,0.8933387639990542,0.9015106309961993,1.0729200669884449,1.066615231000469,1.0746078469965141,adjusted_rand_score,0.9073871912819939,2.97308349609375,39.9097874641776,7.6622958388504685,6.580721001727028,0.0007050132170777212
r5000000-f64-9fa3dc05378c,5000000,64,1.1920928955078125,16,8,3.0,kmeans,cpu,3,0.17304084000352304,0.0,6.887546778001706,6.8863249639980495,6.896602683002129,7.060587618005229,7.058948076999513,7.077860884004622,adjusted_rand_score,0.9066821780649161,0.468994140625,49.57664267531537,1.0,1.0,0.0
r5000000-f64-9fa3dc05378c,5000000,64,1.1920928955078125,16,8,3.0,kmeans,native_gpu,3,0.1724031420017127,0.31586852499458473,0.3870633930055192,0.3826559459994314,0.3963174090022221,0.8774357630027225,0.8709276129957289,0.8868041560053825,adjusted_rand_score,0.9122178998682967,2.19378662109375,10.54651619980988,17.794363668753082,8.046842761278379,0.005535721803380578
r5000000-f64-9fa3dc05378c,5000000,64,1.1920928955078125,16,8,3.0,logistic_regression,accel,3,0.17353764199651778,0.0,0.2722899479995249,0.27126508699439,0.42662499799916986,0.44582758999604266,0.44457103598688263,0.6003607829916291,roc_auc,0.9916262460019788,1.88519287109375,9.135437557612851,7.622947164423184,5.047325491972151,-4.423563837452349e-08
r5000000-f64-9fa3dc05378c,5000000,64,1.1920928955078125,16,8,3.0,logistic_regression,cpu,3,0.17458507300761994,0.0,2.0756518870039145,1.8302406820002943,2.129964200008544,2.2502369600115344,2.0055127700034063,2.3029095189995132,roc_auc,0.9916262902376172,0.468994140625,14.66010951939696,1.0,1.0,0.0
r5000000-f64-9fa3dc05378c,5000000,64,1.1920928955078125,16,8,3.0,logistic_regression,native_gpu,3,0.177861418997054,0.316694102002657,0.17207255399262067,0.17174704298668075,0.29470477800350636,0.6624588669801597,0.6617509989882819,0.7990522820036858,roc_auc,0.991626245918203,2.09808349609375,2.674850469972589,12.062655193070063,3.396794989354302,-4.431941413862717e-08
r5000000-f64-9fa3dc05378c,5000000,64,1.1920928955078125,16,8,3.0,pca,accel,3,0.1741756859992165,0.0,1.3716626879904652,1.3716079000005266,1.3777553309919313,1.5467890610016184,1.545783585999743,1.5513746329816058,explained_variance_ratio_sum,0.6534647941589355,1.93597412109375,30.709592978425334,4.0101649546654805,3.6690681005527734,-8.106231689453125e-05
r5000000-f64-9fa3dc05378c,5000000,64,1.1920928955078125,16,8,3.0,pca,cpu,3,0.1754229650105117,0.0,5.500593641001615,5.492725014992175,5.502721819008002,5.675274402005016,5.668147980002686,5.695178050009417,explained_variance_ratio_sum,0.6535458564758301,0.468994140625,39.7585436589925,1.0,1.0,0.0
r5000000-f64-9fa3dc05378c,5000000,64,1.1920928955078125,16,8,3.0,pca,native_gpu,3,0.17332259799877647,0.3186754329944961,0.27729215600993484,0.2772618040035013,0.27855321699462365,0.7710709289967781,0.7685129600140499,0.7754971849935828,explained_variance_ratio_sum,0.6534647941589355,3.02777099609375,4.361769849488773,19.836816591395174,7.360249477164156,-8.106231689453125e-05
r5000000-f64-9fa3dc05378c,5000000,64,1.1920928955078125,16,8,3.0,xgboost,cpu,3,0.173727276007412,0.0,27.799586855995585,27.578406127999187,27.805327500987914,27.973424098003306,27.7521334040066,27.97768040598021,roc_auc,0.9914881349584116,0.69378662109375,205.05139588367933,1.0,1.0,0.0
r5000000-f64-9fa3dc05378c,5000000,64,1.1920928955078125,16,8,3.0,xgboost,native_gpu,3,0.1734877730050357,0.32468805799726397,4.642674275994068,4.612740684999153,4.646538831992075,5.138479882007232,5.110364863998257,5.141982751010801,roc_auc,0.9914910184849319,3.04925537109375,323.5617848073499,5.987839164108334,5.4439104054789285,2.8835265203364102e-06
