"study","profile","codec","rows","parquet_bytes","estimated_logical_bytes","workload","engine","median_seconds","min_seconds","max_seconds","relative_to_fastest","gpu_utilization_mean_percent","process_cpu_cores_mean","process_rss_peak_bytes","trials","correct"
"crossover","wide","zstd","100000","10101528","17299958","feature_width_12","cudf","0.019021054","0.018873572","0.019042006","2.9705414206709486","8.0","1.3525890786048722","1338667008","3","True"
"crossover","wide","zstd","100000","10101528","17299958","feature_width_12","duckdb","0.018477304","0.017974199","0.018937743","2.8856233137411316","9.0","1.7539853868434967","1332588544","3","True"
"crossover","wide","zstd","100000","10101528","17299958","feature_width_12","polars-cpu","0.006403228","0.005893162","0.007454494","1.0","9.333333333333334","3.2106086441019674","1343877120","3","True"
"crossover","wide","zstd","100000","10101528","17299958","feature_width_12","polars-gpu","0.032051386","0.030014661","0.032426231","5.005504411212595","7.4444444444444455","1.1749822312105085","1332985856","3","True"
"crossover","wide","zstd","100000","10101528","17299958","feature_width_2","cudf","0.015719397","0.015556925","0.015837605","2.8362362567173744","5.333333333333333","1.015040852860504","1332244480","3","True"
"crossover","wide","zstd","100000","10101528","17299958","feature_width_2","duckdb","0.011876174","0.011742058","0.011918612","2.142807086676684","12.333333333333334","1.6244060112839858","1337323520","3","True"
"crossover","wide","zstd","100000","10101528","17299958","feature_width_2","polars-cpu","0.005542344","0.00418443","0.00793503","1.0","13.666666666666666","1.9736393062344117","1338466304","3","True"
"crossover","wide","zstd","100000","10101528","17299958","feature_width_2","polars-gpu","0.028861017","0.027635655","0.032422824","5.2073665943506935","10.0","0.9899102473492865","1337323520","3","True"
"crossover","wide","zstd","100000","10101528","17299958","feature_width_6","cudf","0.017655203","0.017524254","0.017699822","3.3276135979184516","8.333333333333334","0.9115165310704229","1338667008","3","True"
"crossover","wide","zstd","100000","10101528","17299958","feature_width_6","duckdb","0.013565863","0.013259125","0.015287254","2.5568638427039776","12.0","1.3660155329722896","1337532416","3","True"
"crossover","wide","zstd","100000","10101528","17299958","feature_width_6","polars-cpu","0.005305665","0.00467896","0.005491688","1.0","3.0","1.7576801221896805","1338703872","3","True"
"crossover","wide","zstd","100000","10101528","17299958","feature_width_6","polars-gpu","0.030172344","0.029840944","0.032231","5.686816638442118","12.0","1.1172985921650214","1343877120","3","True"
"crossover","wide","zstd","100000","10101528","17299958","join_groupby","cudf","0.021304876","0.020726013","0.02178432","3.970929014547794","8.0","0.8860172014733205","1338671104","3","True"
"crossover","wide","zstd","100000","10101528","17299958","join_groupby","duckdb","0.013159989","0.012858957","0.013770455","2.4528367192200418","8.333333333333334","2.152437563470582","1338662912","3","True"
"crossover","wide","zstd","100000","10101528","17299958","join_groupby","polars-cpu","0.005365212","0.005195607","0.006531015","1.0","8.0","3.242297049970777","1338314752","3","True"
"crossover","wide","zstd","100000","10101528","17299958","join_groupby","polars-gpu","0.025942706","0.024733196","0.02617401","4.835355247844819","8.333333333333334","1.239960660363213","1334620160","3","True"
"crossover","wide","zstd","100000","10101528","17299958","scan_groupby","cudf","0.013382137","0.012576882","0.013640499","2.779337946131408","13.333333333333334","1.198862767464972","1341640704","3","True"
"crossover","wide","zstd","100000","10101528","17299958","scan_groupby","duckdb","0.010730947","0.010664486","0.0107422","2.228711916118105","13.0","2.069181871463414","1338314752","3","True"
"crossover","wide","zstd","100000","10101528","17299958","scan_groupby","polars-cpu","0.004814865","0.004474883","0.005867396","1.0","8.0","1.3111686304830037","1338523648","3","True"
"crossover","wide","zstd","100000","10101528","17299958","scan_groupby","polars-gpu","0.026089325","0.023132844","0.02705027","5.418495637987774","6.0","0.6698161220912766","1335967744","3","True"
"crossover","wide","zstd","100000","10101528","17299958","sort_topk","cudf","0.012342132","0.011878614","0.012505415","2.2551373166966813","12.666666666666666","1.5551699931668743","1337794560","3","True"
"crossover","wide","zstd","100000","10101528","17299958","sort_topk","duckdb","0.010329574","0.010272683","0.010526397","1.8874054979301635","8.666666666666666","1.2305121640929892","1338667008","3","True"
"crossover","wide","zstd","100000","10101528","17299958","sort_topk","polars-cpu","0.005472896","0.004538499","0.006539452","1.0","8.333333333333334","2.348246918451807","1335234560","3","True"
"crossover","wide","zstd","100000","10101528","17299958","sort_topk","polars-gpu","0.022380512","0.0199565","0.022814571","4.089336249035246","2.3333333333333335","1.4680330784339235","1335595008","3","True"
"crossover","wide","zstd","100000","10101528","17299958","string_features","cudf","0.014100577","0.01397139","0.014229902","3.0151271936023756","8.833333333333334","0.9026254257685179","1337376768","3","True"
"crossover","wide","zstd","100000","10101528","17299958","string_features","duckdb","0.009722454","0.009582708","0.009950011","2.0789528998670193","12.333333333333334","1.2940421923277527","1341886464","3","True"
"crossover","wide","zstd","100000","10101528","17299958","string_features","polars-cpu","0.004676611","0.004491523","0.005553979","1.0","8.0","1.8534900485797994","1334910976","3","True"
"crossover","wide","zstd","100000","10101528","17299958","string_features","polars-gpu","0.023183811","0.02196873","0.024649068","4.9573956439823625","5.666666666666667","1.4360085634664497","1335787520","3","True"
"crossover","wide","zstd","1000000","98590031","172999980","feature_width_12","cudf","0.032389473","0.031876404","0.032483131","1.498482501543268","10.333333333333334","1.2982008462120505","1397268480","3","True"
"crossover","wide","zstd","1000000","98590031","172999980","feature_width_12","duckdb","0.033153687","0.032711492","0.03400097","1.5338384737270199","10.333333333333334","3.5058457592485475","1403887616","3","True"
"crossover","wide","zstd","1000000","98590031","172999980","feature_width_12","polars-cpu","0.021614849","0.019736452","0.021742935","1.0","16.333333333333332","5.146073069155496","1432903680","3","True"
"crossover","wide","zstd","1000000","98590031","172999980","feature_width_12","polars-gpu","0.039843194","0.039793906","0.039963929","1.8433251141379707","8.666666666666666","1.4786724375391465","1404231680","3","True"
"crossover","wide","zstd","1000000","98590031","172999980","feature_width_2","cudf","0.021611272","0.021403941","0.021974649","2.070658077917698","11.0","1.6254786024962877","1420939264","3","True"
"crossover","wide","zstd","1000000","98590031","172999980","feature_width_2","duckdb","0.016985146","0.016556142","0.01717982","1.627411369840307","16.333333333333332","2.852268206358469","1416192000","3","True"
"crossover","wide","zstd","1000000","98590031","172999980","feature_width_2","polars-cpu","0.01043691","0.009693147","0.012135285","1.0","9.666666666666666","4.354218997768814","1394225152","3","True"
"crossover","wide","zstd","1000000","98590031","172999980","feature_width_2","polars-gpu","0.033324713","0.032171822","0.035635779","3.192967362945546","9.0","1.0180356505699353","1377148928","3","True"
"crossover","wide","zstd","1000000","98590031","172999980","feature_width_6","cudf","0.026230009","0.026000377","0.026522765","1.7903415237391491","14.0","1.4899203099066052","1420935168","3","True"
"crossover","wide","zstd","1000000","98590031","172999980","feature_width_6","duckdb","0.023776597","0.023754058","0.023860461","1.6228827409975988","18.333333333333332","2.062054347234247","1373990912","3","True"
"crossover","wide","zstd","1000000","98590031","172999980","feature_width_6","polars-cpu","0.014650841","0.013475415","0.014982887","1.0","8.666666666666666","5.32995109583747","1407844352","3","True"
"crossover","wide","zstd","1000000","98590031","172999980","feature_width_6","polars-gpu","0.034749289","0.033313312","0.03936119","2.3718289619005493","16.0","1.1416654204853738","1378275328","3","True"
"crossover","wide","zstd","1000000","98590031","172999980","join_groupby","cudf","0.026626989","0.026597634","0.027259506","1.7260102336820597","15.333333333333334","0.9869934972105198","1393164288","3","True"
"crossover","wide","zstd","1000000","98590031","172999980","join_groupby","duckdb","0.042878513","0.042096011","0.043407253","2.779463808058404","14.333333333333334","1.7549519441963337","1417809920","3","True"
"crossover","wide","zstd","1000000","98590031","172999980","join_groupby","polars-cpu","0.015426901","0.015233499","0.02002747","1.0","7.833333333333333","3.4819339252212758","1407246336","3","True"
"crossover","wide","zstd","1000000","98590031","172999980","join_groupby","polars-gpu","0.030027358","0.028531059","0.031277277","1.9464283850658017","9.666666666666666","1.0468144336950675","1382543360","3","True"
"crossover","wide","zstd","1000000","98590031","172999980","scan_groupby","cudf","0.018888627","0.018485279","0.018969337","1.7445487432240276","11.0","1.0359590655136328","1384321024","3","True"
"crossover","wide","zstd","1000000","98590031","172999980","scan_groupby","duckdb","0.014275385","0.013489935","0.014298691","1.3184708957823739","11.333333333333334","2.5196748516308767","1377247232","3","True"
"crossover","wide","zstd","1000000","98590031","172999980","scan_groupby","polars-cpu","0.010827228","0.010107674","0.011156168","1.0","5.0","2.6262083731834425","1392041984","3","True"
"crossover","wide","zstd","1000000","98590031","172999980","scan_groupby","polars-gpu","0.030457028","0.0265465","0.033399202","2.8130032913318166","18.333333333333332","0.8551568916786523","1384091648","3","True"
"crossover","wide","zstd","1000000","98590031","172999980","sort_topk","cudf","0.019353406","0.019305476","0.019542307","2.4313547096600256","13.0","0.994663409031769","1407266816","3","True"
"crossover","wide","zstd","1000000","98590031","172999980","sort_topk","duckdb","0.013876248","0.01290217","0.014081974","1.743263223393883","11.0","2.3091212941345467","1392545792","3","True"
"crossover","wide","zstd","1000000","98590031","172999980","sort_topk","polars-cpu","0.007959927","0.007558762","0.008339142","1.0","16.333333333333332","3.5503099313859274","1421643776","3","True"
"crossover","wide","zstd","1000000","98590031","172999980","sort_topk","polars-gpu","0.02542219","0.021834949","0.027238653","3.1937717519268705","14.0","0.8028854367296927","1364770816","3","True"
"crossover","wide","zstd","1000000","98590031","172999980","string_features","cudf","0.01813739","0.018115233","0.01848457","1.5319239688114858","21.333333333333332","1.235169320410988","1372999680","3","True"
"crossover","wide","zstd","1000000","98590031","172999980","string_features","duckdb","0.011839615","0.011796323","0.012039724","1.0","5.0","2.6798897966310684","1402048512","3","True"
"crossover","wide","zstd","1000000","98590031","172999980","string_features","polars-cpu","0.011938158","0.011587149","0.013429668","1.00832315915678","19.0","2.599984893336457","1401307136","3","True"
"crossover","wide","zstd","1000000","98590031","172999980","string_features","polars-gpu","0.027294523","0.026570519","0.027965054","2.3053556217833098","13.333333333333334","1.072795816702655","1390948352","3","True"
"crossover","wide","zstd","5000000","491838526","864999948","feature_width_12","cudf","0.08842393","0.087872342","0.088661381","1.06656472070237","17.333333333333332","1.6915023757503704","1438720000","3","True"
"crossover","wide","zstd","5000000","491838526","864999948","feature_width_12","duckdb","0.082905358","0.082480631","0.082925876","1.0","1.222222222222222","6.179042916445937","1721106432","3","True"
"crossover","wide","zstd","5000000","491838526","864999948","feature_width_12","polars-cpu","0.088804665","0.084815263","0.098012537","1.0711571259362995","16.666666666666668","6.704917157815028","2055835648","3","True"
"crossover","wide","zstd","5000000","491838526","864999948","feature_width_12","polars-gpu","0.085552978","0.082211359","0.090571507","1.0319354510235637","24.0","1.6937903042399747","1617317888","3","True"
"crossover","wide","zstd","5000000","491838526","864999948","feature_width_2","cudf","0.038433481","0.038210473","0.038601471","1.1382495177685743","42.0","1.431725265679259","1729310720","3","True"
"crossover","wide","zstd","5000000","491838526","864999948","feature_width_2","duckdb","0.034482863","0.034223275","0.034963298","1.0212476507405046","20.333333333333332","5.070969378212318","1811898368","3","True"
"crossover","wide","zstd","5000000","491838526","864999948","feature_width_2","polars-cpu","0.033765427","0.033193749","0.036403723","1.0","11.333333333333334","6.599276591344856","1689182208","3","True"
"crossover","wide","zstd","5000000","491838526","864999948","feature_width_2","polars-gpu","0.045301775","0.044900811","0.045463566","1.341661546291122","21.0","1.2732902670734416","1590210560","3","True"
"crossover","wide","zstd","5000000","491838526","864999948","feature_width_6","cudf","0.058598255","0.058451664","0.058901265","1.0936378801158022","35.833333333333336","1.6568263619289774","1864380416","3","True"
"crossover","wide","zstd","5000000","491838526","864999948","feature_width_6","duckdb","0.05358104","0.053224854","0.053962018","1.0","19.333333333333332","5.287695128811069","1575067648","3","True"
"crossover","wide","zstd","5000000","491838526","864999948","feature_width_6","polars-cpu","0.05642629","0.053797897","0.063900446","1.0531018061612838","22.066666666666666","6.3222743720353165","1959202816","3","True"
"crossover","wide","zstd","5000000","491838526","864999948","feature_width_6","polars-gpu","0.059014732","0.058699725","0.064616157","1.1014107228975025","1.5999999999999999","1.4544977213404569","1853038592","3","True"
"crossover","wide","zstd","5000000","491838526","864999948","join_groupby","cudf","0.037605955","0.037582303","0.03791694","1.0660392941658248","7.0","1.1150689290251818","1538961408","3","True"
"crossover","wide","zstd","5000000","491838526","864999948","join_groupby","duckdb","0.043391279","0.042005088","0.044219396","1.2300394562008163","25.666666666666668","4.947103875199218","1831878656","3","True"
"crossover","wide","zstd","5000000","491838526","864999948","join_groupby","polars-cpu","0.037239367","0.036272699","0.038404209","1.0556473971173477","47.666666666666664","6.110996034091173","1733922816","3","True"
"crossover","wide","zstd","5000000","491838526","864999948","join_groupby","polars-gpu","0.035276331","0.033073314","0.037552874","1.0","28.333333333333332","1.6402234725240132","1551978496","3","True"
"crossover","wide","zstd","5000000","491838526","864999948","scan_groupby","cudf","0.028449417","0.02840074","0.028470846","1.1255910809579281","42.333333333333336","1.3522717676219813","1689649152","3","True"
"crossover","wide","zstd","5000000","491838526","864999948","scan_groupby","duckdb","0.026365736","0.025580387","0.028064579","1.0431509821270277","34.333333333333336","3.691220061935121","1825026048","3","True"
"crossover","wide","zstd","5000000","491838526","864999948","scan_groupby","polars-cpu","0.025275091","0.024894665","0.025891416","1.0","36.666666666666664","4.675187398541081","1782403072","3","True"
"crossover","wide","zstd","5000000","491838526","864999948","scan_groupby","polars-gpu","0.03596157","0.035178571","0.038084686","1.4228067467689829","0.3333333333333333","1.1832358487465948","1602129920","3","True"
"crossover","wide","zstd","5000000","491838526","864999948","sort_topk","cudf","0.037419893","0.036749202","0.038320364","1.937346240175913","14.666666666666666","1.0780509293419918","1870516224","3","True"
"crossover","wide","zstd","5000000","491838526","864999948","sort_topk","duckdb","0.025112472","0.024391332","0.025436793","1.300152119909132","25.555555555555554","3.686332370510483","1751621632","3","True"
"crossover","wide","zstd","5000000","491838526","864999948","sort_topk","polars-cpu","0.019315026","0.016919037","0.020668344","1.0","34.0","5.753293767383546","1475960832","3","True"
"crossover","wide","zstd","5000000","491838526","864999948","sort_topk","polars-gpu","0.041148977","0.039812935","0.042532795","2.13041271598599","50.0","0.9554439819741426","1533235200","3","True"
"crossover","wide","zstd","5000000","491838526","864999948","string_features","cudf","0.026955626","0.02678684","0.027345315","1.422136272891879","17.0","1.2061748287793255","1689178112","3","True"
"crossover","wide","zstd","5000000","491838526","864999948","string_features","duckdb","0.01895432","0.018715255","0.018964768","1.0","17.333333333333332","3.594940312095892","1495580672","3","True"
"crossover","wide","zstd","5000000","491838526","864999948","string_features","polars-cpu","0.028041177","0.026935825","0.028586103","1.4794082298916553","4.0","4.52533249407858","1579982848","3","True"
"crossover","wide","zstd","5000000","491838526","864999948","string_features","polars-gpu","0.036130057","0.035321079","0.036684661","1.906164768770391","35.666666666666664","1.114763261013988","1738174464","3","True"
"crossover","wide","zstd","10000000","983414892","1729999896","feature_width_12","cudf","0.157612256","0.157152473","0.159833915","1.2889757342362267","13.555555555555555","2.0095386998346156","2112618496","3","True"
"crossover","wide","zstd","10000000","983414892","1729999896","feature_width_12","duckdb","0.133065584","0.132479756","0.134591744","1.0882295145751373","4.0","6.699165708640006","2233364480","3","True"
"crossover","wide","zstd","10000000","983414892","1729999896","feature_width_12","polars-cpu","0.174476503","0.168279185","0.184990108","1.4268939755636403","10.0","6.9446595426144855","3007770624","3","True"
"crossover","wide","zstd","10000000","983414892","1729999896","feature_width_12","polars-gpu","0.122277132","0.12068984","0.122303305","1.0","33.333333333333336","2.697745831860257","2270760960","3","True"
"crossover","wide","zstd","10000000","983414892","1729999896","feature_width_2","cudf","0.059897822","0.059434318","0.060229968","1.1568655698628614","32.666666666666664","1.7038773466426955","2021908480","3","True"
"crossover","wide","zstd","10000000","983414892","1729999896","feature_width_2","duckdb","0.051775957","0.05140687","0.052510249","1.0","14.666666666666666","6.114963845742012","2409480192","3","True"
"crossover","wide","zstd","10000000","983414892","1729999896","feature_width_2","polars-cpu","0.06458728","0.059823936","0.06893092","1.2474376861831835","14.0","6.5064247188648485","1953034240","3","True"
"crossover","wide","zstd","10000000","983414892","1729999896","feature_width_2","polars-gpu","0.059263911","0.056916186","0.060833366","1.1446222230136665","13.666666666666666","1.4427559365067932","2304135168","3","True"
"crossover","wide","zstd","10000000","983414892","1729999896","feature_width_6","cudf","0.098368678","0.097468938","0.099215354","1.176473533169722","3.0","1.8573646998664326","1995640832","3","True"
"crossover","wide","zstd","10000000","983414892","1729999896","feature_width_6","duckdb","0.083613167","0.083337642","0.084809464","1.0","6.777777777777778","6.194943700564366","2188062720","3","True"
"crossover","wide","zstd","10000000","983414892","1729999896","feature_width_6","polars-cpu","0.106543149","0.099767186","0.107323071","1.2742388887147404","36.666666666666664","6.986455551862548","2391904256","3","True"
"crossover","wide","zstd","10000000","983414892","1729999896","feature_width_6","polars-gpu","0.089842415","0.08477758","0.090509753","1.074500802008851","19.0","2.258526544892495","2316500992","3","True"
"crossover","wide","zstd","10000000","983414892","1729999896","join_groupby","cudf","0.052654764","0.052373515","0.053400486","1.2060333039842155","3.3333333333333335","1.2806635515268507","2414227456","3","True"
"crossover","wide","zstd","10000000","983414892","1729999896","join_groupby","duckdb","0.061877138","0.061113809","0.062182213","1.4172675654424594","3.4","4.921130792380111","2134069248","3","True"
"crossover","wide","zstd","10000000","983414892","1729999896","join_groupby","polars-cpu","0.065484916","0.061597046","0.069094484","1.499902071626583","14.200000000000001","6.568371290306378","1893109760","3","True"
"crossover","wide","zstd","10000000","983414892","1729999896","join_groupby","polars-gpu","0.043659461","0.042520198","0.044212491","1.0","0.0","1.5393207134115159","2174271488","3","True"
"crossover","wide","zstd","10000000","983414892","1729999896","scan_groupby","cudf","0.039727278","0.039471805","0.039963575","1.035796913786382","0.0","1.2371774075456348","2350075904","3","True"
"crossover","wide","zstd","10000000","983414892","1729999896","scan_groupby","duckdb","0.038354312","0.037356286","0.039791886","1.0","3.0","5.895763116091335","2386108416","3","True"
"crossover","wide","zstd","10000000","983414892","1729999896","scan_groupby","polars-cpu","0.043980196","0.042836001","0.047032674","1.1466819167555398","16.0","5.794117096468199","2210091008","3","True"
"crossover","wide","zstd","10000000","983414892","1729999896","scan_groupby","polars-gpu","0.041937709","0.041141213","0.047396893","1.093428791005298","13.333333333333334","0.9404278479682926","2082684928","3","True"
"crossover","wide","zstd","10000000","983414892","1729999896","sort_topk","cudf","0.059578572","0.058807662","0.060472211","1.8978509333283131","2.3333333333333335","1.160515628356467","2012979200","3","True"
"crossover","wide","zstd","10000000","983414892","1729999896","sort_topk","duckdb","0.035038117","0.034550632","0.036344332","1.116124821697919","27.666666666666668","5.932134613876994","2399383552","3","True"
"crossover","wide","zstd","10000000","983414892","1729999896","sort_topk","polars-cpu","0.031392651","0.028972015","0.032154016","1.0","19.0","6.940938882319912","2012868608","3","True"
"crossover","wide","zstd","10000000","983414892","1729999896","sort_topk","polars-gpu","0.059063932","0.058878723","0.060227934","1.8814572875670805","27.666666666666668","1.1660433678819246","1816051712","3","True"
"crossover","wide","zstd","10000000","983414892","1729999896","string_features","cudf","0.037768878","0.037540464","0.037964555","1.4419241772742104","19.0","1.3695534633346398","1907134464","3","True"
"crossover","wide","zstd","10000000","983414892","1729999896","string_features","duckdb","0.026193387","0.0259716","0.026984535","1.0","13.333333333333334","5.367181364284438","2257260544","3","True"
"crossover","wide","zstd","10000000","983414892","1729999896","string_features","polars-cpu","0.048898304","0.04554509","0.0520818","1.8668186744997888","46.666666666666664","6.343435268798085","1692913664","3","True"
"crossover","wide","zstd","10000000","983414892","1729999896","string_features","polars-gpu","0.040047718","0.039458894","0.04106759","1.528924762574615","0.0","1.1858523089588553","1764671488","3","True"
"crossover","wide","zstd","20000000","1966560421","3459999792","feature_width_12","cudf","0.295890268","0.295297065","0.296029846","1.570037561691267","29.0","2.0434703131908223","2253553664","3","True"
"crossover","wide","zstd","20000000","1966560421","3459999792","feature_width_12","duckdb","0.249336436","0.246928042","0.249603263","1.3230160378854725","33.523809523809526","7.188293582663527","2753253376","3","True"
"crossover","wide","zstd","20000000","1966560421","3459999792","feature_width_12","polars-cpu","0.333481096","0.33206881","0.336027218","1.76950005950845","31.37037037037037","7.630086441971673","4882997248","3","True"
"crossover","wide","zstd","20000000","1966560421","3459999792","feature_width_12","polars-gpu","0.18846063","0.188328619","0.19410542","1.0","0.0","3.718821949490637","3138850816","3","True"
"crossover","wide","zstd","20000000","1966560421","3459999792","feature_width_2","cudf","0.102349399","0.101524939","0.102424873","1.21965856867013","46.19047619047618","1.631044958263697","3067797504","3","True"
"crossover","wide","zstd","20000000","1966560421","3459999792","feature_width_2","duckdb","0.088502066","0.087836116","0.089498001","1.0546452074614467","47.666666666666664","6.189563215589419","3295801344","3","True"
"crossover","wide","zstd","20000000","1966560421","3459999792","feature_width_2","polars-cpu","0.119579035","0.109244098","0.12609312","1.4249775386668893","31.857142857142858","7.161857745864725","2892083200","3","True"
"crossover","wide","zstd","20000000","1966560421","3459999792","feature_width_2","polars-gpu","0.083916435","0.083558519","0.087869831","1.0","17.333333333333332","2.1910249269354836","3084451840","3","True"
"crossover","wide","zstd","20000000","1966560421","3459999792","feature_width_6","cudf","0.178387265","0.178079876","0.178873923","1.3677227374729004","40.333333333333336","1.9754450510066668","2753523712","3","True"
"crossover","wide","zstd","20000000","1966560421","3459999792","feature_width_6","duckdb","0.152934927","0.151990844","0.154649611","1.1725757273741386","27.0","6.77305950656729","2784391168","3","True"
"crossover","wide","zstd","20000000","1966560421","3459999792","feature_width_6","polars-cpu","0.214614027","0.203013221","0.215187497","1.6454789219876373","48.22222222222222","7.607399811989043","3354234880","3","True"
"crossover","wide","zstd","20000000","1966560421","3459999792","feature_width_6","polars-gpu","0.130426482","0.130027619","0.133574997","1.0","25.17857142857143","3.031039218132673","3444695040","3","True"
"crossover","wide","zstd","20000000","1966560421","3459999792","join_groupby","cudf","0.079729239","0.07878143","0.080001091","1.2143637127295834","48.0","1.2747955904065045","3426783232","3","True"
"crossover","wide","zstd","20000000","1966560421","3459999792","join_groupby","duckdb","0.104612635","0.1034556","0.106069817","1.593365112101782","10.666666666666666","6.208329933439572","2577903616","3","True"
"crossover","wide","zstd","20000000","1966560421","3459999792","join_groupby","polars-cpu","0.120443692","0.118238677","0.122820397","1.834489464924887","25.71428571428571","7.310815940706994","2741760000","3","True"
"crossover","wide","zstd","20000000","1966560421","3459999792","join_groupby","polars-gpu","0.065655156","0.062134804","0.069144257","1.0","45.13333333333333","1.2423820166888453","2427711488","3","True"
"crossover","wide","zstd","20000000","1966560421","3459999792","scan_groupby","cudf","0.066722521","0.066688541","0.066916668","1.1322854691991977","18.400000000000002","1.307951807153204","2429796352","3","True"
"crossover","wide","zstd","20000000","1966560421","3459999792","scan_groupby","duckdb","0.062758637","0.062708871","0.064114352","1.065018102985754","42.333333333333336","4.988156641167795","2753601536","3","True"
"crossover","wide","zstd","20000000","1966560421","3459999792","scan_groupby","polars-cpu","0.082566223","0.081506802","0.086288045","1.4011541103124772","64.33333333333333","7.0546058690522875","3141230592","3","True"
"crossover","wide","zstd","20000000","1966560421","3459999792","scan_groupby","polars-gpu","0.058927296","0.058445194","0.06108806","1.0","4.333333333333333","1.7775179183966445","3326283776","3","True"
"crossover","wide","zstd","20000000","1966560421","3459999792","sort_topk","cudf","0.107725899","0.107702191","0.108963742","1.7924763941689337","33.0","1.1489946731718506","3437588480","3","True"
"crossover","wide","zstd","20000000","1966560421","3459999792","sort_topk","duckdb","0.060098922","0.059837754","0.060858665","1.0","13.0","6.470434254547094","2120200192","3","True"
"crossover","wide","zstd","20000000","1966560421","3459999792","sort_topk","polars-cpu","0.06374554","0.062025976","0.064461921","1.0606769286144602","46.46666666666667","6.890015343146662","1790996480","3","True"
"crossover","wide","zstd","20000000","1966560421","3459999792","sort_topk","polars-gpu","0.099157167","0.096022561","0.101220748","1.649899261088244","51.888888888888886","1.1760899179356779","3392794624","3","True"
"crossover","wide","zstd","20000000","1966560421","3459999792","string_features","cudf","0.062059055","0.06198032","0.063413742","1.4571978935162841","17.333333333333332","1.1938592664151042","2721980416","3","True"
"crossover","wide","zstd","20000000","1966560421","3459999792","string_features","duckdb","0.042587939","0.041461346","0.042914691","1.0","0.0","5.4845683123744635","3453124608","3","True"
"crossover","wide","zstd","20000000","1966560421","3459999792","string_features","polars-cpu","0.087503508","0.085555034","0.09515252","2.054654675822655","17.333333333333332","6.853128851566043","2831720448","3","True"
"crossover","wide","zstd","20000000","1966560421","3459999792","string_features","polars-gpu","0.051991689","0.050776829","0.054480666","1.2208078207306534","22.0","2.1001080773695033","3450093568","3","True"
"crossover","wide","zstd","50000000","4916004014","8649999480","feature_width_12","cudf","0.750020862","0.746615699","0.757164112","1.807085796880937","59.547233468286095","2.080125183583927","3131957248","3","True"
"crossover","wide","zstd","50000000","4916004014","8649999480","feature_width_12","duckdb","0.587961095","0.583326616","0.601489459","1.4166221204298495","3.288888888888889","7.386311546797967","4295983104","3","True"
"crossover","wide","zstd","50000000","4916004014","8649999480","feature_width_12","polars-cpu","0.761614037","0.757376612","0.763569176","1.8350181690917453","21.535762483130906","7.7988112466009385","5249118208","3","True"
"crossover","wide","zstd","50000000","4916004014","8649999480","feature_width_12","polars-gpu","0.415044412","0.411507413","0.418559822","1.0","67.85253267973856","4.476897494477702","3555450880","3","True"
"crossover","wide","zstd","50000000","4916004014","8649999480","feature_width_2","cudf","0.236085183","0.236054217","0.236125218","1.4902755688679206","39.8974358974359","1.7429382094912793","2169135104","3","True"
"crossover","wide","zstd","50000000","4916004014","8649999480","feature_width_2","duckdb","0.195095396","0.194125683","0.19763998","1.231529647743341","55.81818181818181","7.075591282442162","3306897408","3","True"
"crossover","wide","zstd","50000000","4916004014","8649999480","feature_width_2","polars-cpu","0.293775643","0.286431697","0.295661957","1.8544436288971344","32.333333333333336","7.635903511092843","2994720768","3","True"
"crossover","wide","zstd","50000000","4916004014","8649999480","feature_width_2","polars-gpu","0.158417133","0.152190751","0.16413071","1.0","48.666666666666664","3.3093523529445235","2080743424","3","True"
"crossover","wide","zstd","50000000","4916004014","8649999480","feature_width_6","cudf","0.428019711","0.427356547","0.428998773","1.6372342894943086","48.84057971014493","1.8893494542793672","1512939520","3","True"
"crossover","wide","zstd","50000000","4916004014","8649999480","feature_width_6","duckdb","0.346717581","0.346111121","0.350953901","1.3262424551838463","35.70175438596491","7.430445980598376","1837731840","3","True"
"crossover","wide","zstd","50000000","4916004014","8649999480","feature_width_6","polars-cpu","0.478778502","0.459885472","0.493638679","1.8313936494086351","9.546666666666667","7.8001192037554175","3843448832","3","True"
"crossover","wide","zstd","50000000","4916004014","8649999480","feature_width_6","polars-gpu","0.261428504","0.259539845","0.268519468","1.0","19.666666666666668","4.144242544852975","1781481472","3","True"
"crossover","wide","zstd","50000000","4916004014","8649999480","join_groupby","cudf","0.168073468","0.167086227","0.169843391","1.5527243000560842","32.266666666666666","1.505553338226453","4265472000","3","True"
"crossover","wide","zstd","50000000","4916004014","8649999480","join_groupby","duckdb","0.221679529","0.221119079","0.22806294","2.0479567393902256","43.17948717948718","7.066810959374298","3168350208","3","True"
"crossover","wide","zstd","50000000","4916004014","8649999480","join_groupby","polars-cpu","0.296419487","0.295194063","0.306920372","2.738431865254655","42.458333333333336","7.434921315861072","1803468800","3","True"
"crossover","wide","zstd","50000000","4916004014","8649999480","join_groupby","polars-gpu","0.108244244","0.107936375","0.113380339","1.0","56.666666666666664","2.184715103158355","2991632384","3","True"
"crossover","wide","zstd","50000000","4916004014","8649999480","scan_groupby","cudf","0.14753332","0.147490197","0.147771021","1.468358687122796","27.0","1.3137658168497788","3404091392","3","True"
"crossover","wide","zstd","50000000","4916004014","8649999480","scan_groupby","duckdb","0.132110565","0.131115745","0.132255137","1.3148602348164524","43.666666666666664","6.635693085175837","1923588096","3","True"
"crossover","wide","zstd","50000000","4916004014","8649999480","scan_groupby","polars-cpu","0.204657885","0.198169305","0.206478881","2.036903821644685","20.333333333333332","7.681017148540641","4481601536","3","True"
"crossover","wide","zstd","50000000","4916004014","8649999480","scan_groupby","polars-gpu","0.100474987","0.100389726","0.105559374","1.0","43.857142857142854","3.220108227028058","3909111808","3","True"
"crossover","wide","zstd","50000000","4916004014","8649999480","sort_topk","cudf","0.265504223","0.265119566","0.26684565","2.01989845253286","31.333333333333332","1.1098358474858878","2017828864","3","True"
"crossover","wide","zstd","50000000","4916004014","8649999480","sort_topk","duckdb","0.131444342","0.13037655","0.131771888","1.0","5.666666666666667","6.684991613538801","2533113856","3","True"
"crossover","wide","zstd","50000000","4916004014","8649999480","sort_topk","polars-cpu","0.154734425","0.144546968","0.157054015","1.1771858921093767","41.666666666666664","7.387994005927091","2443747328","3","True"
"crossover","wide","zstd","50000000","4916004014","8649999480","sort_topk","polars-gpu","0.212630411","0.211666428","0.213337896","1.6176459767283098","20.88888888888889","2.3117839021685227","4250054656","3","True"
"crossover","wide","zstd","50000000","4916004014","8649999480","string_features","cudf","0.138856486","0.137626591","0.140028645","1.5583187552886095","16.416666666666668","1.2593581554734674","2417827840","3","True"
"crossover","wide","zstd","50000000","4916004014","8649999480","string_features","duckdb","0.0891066","0.088240921","0.092188699","1.0","14.444444444444445","6.272400676650512","3261210624","3","True"
"crossover","wide","zstd","50000000","4916004014","8649999480","string_features","polars-cpu","0.215374398","0.210658226","0.217008897","2.4170420372901673","56.333333333333336","7.393445717885903","1891237888","3","True"
"crossover","wide","zstd","50000000","4916004014","8649999480","string_features","polars-gpu","0.097314904","0.095364567","0.098957292","1.0921178004771812","76.66666666666667","2.5015809155603033","2718732288","3","True"
"codec","wide","snappy","20000000","2273681356","3459999792","feature_width_12","cudf","1.725674475","1.702761551","1.768895713","11.756008063308848","31.0922035480859","1.267661109367063","4373757952","3","True"
"codec","wide","snappy","20000000","2273681356","3459999792","feature_width_12","duckdb","0.146790855","0.142431167","0.151613635","1.0","35.833333333333336","6.58810363838277","1508057088","3","True"
"codec","wide","snappy","20000000","2273681356","3459999792","feature_width_12","polars-cpu","0.188850159","0.187126748","0.190632765","1.2865253697173438","19.266666666666666","20.960277145432766","4792946688","3","True"
"codec","wide","snappy","20000000","2273681356","3459999792","feature_width_12","polars-gpu","0.184553923","0.184392296","0.192781375","1.2572576336584456","16.333333333333332","3.252449096950258","3468292096","3","True"
"codec","wide","snappy","20000000","2273681356","3459999792","scan_groupby","cudf","0.547079107","0.529873021","0.549564308","7.982958264912832","16.855379188712522","1.2409777402484279","4291436544","3","True"
"codec","wide","snappy","20000000","2273681356","3459999792","scan_groupby","duckdb","0.07444814","0.071701602","0.075983884","1.0863445284529714","30.666666666666668","6.197395849444308","2237526016","3","True"
"codec","wide","snappy","20000000","2273681356","3459999792","scan_groupby","polars-cpu","0.08911233","0.085512107","0.08961423","1.3003238511156299","33.0","15.895754763985664","3007234048","3","True"
"codec","wide","snappy","20000000","2273681356","3459999792","scan_groupby","polars-gpu","0.068530874","0.067636167","0.069955178","1.0","44.0","1.3747248904758855","1593266176","3","True"
"codec","wide","snappy","20000000","2273681356","3459999792","string_features","cudf","0.445311558","0.443037633","0.455195133","9.767425238639335","32.0","1.156801093023715","3286925312","3","True"
"codec","wide","snappy","20000000","2273681356","3459999792","string_features","duckdb","0.048334619","0.046078428","0.050034082","1.0601673570768095","38.666666666666664","5.647447095895274","2945388544","3","True"
"codec","wide","snappy","20000000","2273681356","3459999792","string_features","polars-cpu","0.045591499","0.045480075","0.046730367","1.0","15.666666666666666","12.647573000902312","3540746240","3","True"
"codec","wide","snappy","20000000","2273681356","3459999792","string_features","polars-gpu","0.063557696","0.058764217","0.06370945","1.3940690127341502","0.0","2.0545160808547664","3189903360","3","True"
"codec","wide","zstd","20000000","1966560421","3459999792","feature_width_12","cudf","1.705344114","1.691547666","1.793680483","8.657143026842288","38.68905692325213","1.234273166653125","4350414848","3","True"
"codec","wide","zstd","20000000","1966560421","3459999792","feature_width_12","duckdb","0.262283154","0.258174873","0.266701602","1.331474837875039","10.833333333333334","7.394633948600155","3573202944","3","True"
"codec","wide","zstd","20000000","1966560421","3459999792","feature_width_12","polars-cpu","0.19698694","0.194033814","0.199534073","1.0","24.666666666666668","20.71231788182824","3692392448","3","True"
"codec","wide","zstd","20000000","1966560421","3459999792","feature_width_12","polars-gpu","0.204039103","0.196517569","0.206836693","1.0358001550762705","25.233333333333334","3.4002039609200505","2042658816","3","True"
"codec","wide","zstd","20000000","1966560421","3459999792","scan_groupby","cudf","0.556047949","0.551865948","0.556353545","7.6066306562067005","34.14449917898194","1.0360281864612184","2289184768","3","True"
"codec","wide","zstd","20000000","1966560421","3459999792","scan_groupby","duckdb","0.073100427","0.072648722","0.074193573","1.0","18.666666666666668","6.516115967815243","1620553728","3","True"
"codec","wide","zstd","20000000","1966560421","3459999792","scan_groupby","polars-cpu","0.088925477","0.087904905","0.090285225","1.2164836875713463","21.0","15.365227359588458","2069876736","3","True"
"codec","wide","zstd","20000000","1966560421","3459999792","scan_groupby","polars-gpu","0.075501301","0.069862246","0.085737297","1.0328435017212692","22.333333333333332","1.5099152284328625","1710276608","3","True"
"codec","wide","zstd","20000000","1966560421","3459999792","string_features","cudf","0.471963612","0.460541442","0.479098446","9.65102459863672","20.18111111111111","1.2604618398548941","4468510720","3","True"
"codec","wide","zstd","20000000","1966560421","3459999792","string_features","duckdb","0.049297848","0.048587783","0.053519963","1.0080750541163628","20.333333333333332","6.2394181710065615","1895936000","3","True"
"codec","wide","zstd","20000000","1966560421","3459999792","string_features","polars-cpu","0.048902954","0.046686792","0.052569196","1.0","30.666666666666668","13.840561260614086","3582050304","3","True"
"codec","wide","zstd","20000000","1966560421","3459999792","string_features","polars-gpu","0.066279941","0.060996574","0.074388319","1.355336141861696","19.333333333333332","1.5506469418947173","3126145024","3","True"
"out_of_core","wide","zstd","200000000","19663202171","34599997920","feature_width_12","cudf-streaming","13.931491618","13.613747091","14.062995269","9.058246186773527","59.0837055147578","1.2475914032308744","9230073856","3","True"
"out_of_core","wide","zstd","200000000","19663202171","34599997920","feature_width_12","duckdb","2.278291295","2.272450178","2.324781283","1.4813434197260607","3.732142857142857","7.692206712830651","9046335488","3","True"
"out_of_core","wide","zstd","200000000","19663202171","34599997920","feature_width_12","polars-cpu","1.853909828","1.835780225","1.85398948","1.2054108842448406","9.425201922522552","22.76236903951904","10405511168","3","True"
"out_of_core","wide","zstd","200000000","19663202171","34599997920","feature_width_12","polars-gpu","1.537989952","1.534169843","1.56341272","1.0","78.24141267537493","5.399056598735375","9225936896","3","True"
