rows,features,input_bytes,implementation,layout,block_size,replications,resident_wall_seconds,resident_wall_seconds_min,resident_wall_seconds_max,resident_device_seconds,one_shot_seconds,one_shot_seconds_min,one_shot_seconds_max,cold_compile_seconds,aos_to_soa_conversion_seconds,max_abs_score_error,flag_mismatches,registers_per_thread,static_shared_memory_bytes,active_blocks_per_multiprocessor,theoretical_occupancy,resident_speedup_vs_numpy,one_shot_speedup_vs_numpy
1024,16,65536,cupy_composed,aos,,3,5.500001134350896e-05,5.444898852147162e-05,5.570999928750098e-05,5.027199909090996e-05,0.00012106398935429752,0.00011943400022573769,0.00012227799743413925,,1.4504010323435068e-05,1.9073486328125e-06,0,,,,,0.6038905992530371,0.27435069657215483
1024,16,65536,cupy_partial_fusion,aos,,3,3.9470993215218186e-05,3.868801286444068e-05,3.968400415033102e-05,3.465599939227104e-05,9.675600449554622e-05,9.619799675419927e-05,9.83509817160666e-05,0.04410799700417556,1.4504010323435068e-05,1.9073486328125e-06,0,,,,,0.8414784403334874,0.3432757479220252
1024,16,65536,numpy,aos,,3,3.3213989809155464e-05,3.25599976349622e-05,3.323398414067924e-05,,3.3213989809155464e-05,3.25599976349622e-05,3.323398414067924e-05,,1.4504010323435068e-05,0.0,0,,,,,1.0,1.0
1024,16,65536,raw_aos_b256,aos,256,3,1.532401074655354e-05,1.5205994714051485e-05,1.610899926163256e-05,1.0591999627649784e-05,6.365901208482683e-05,6.224599201232195e-05,6.651598960161209e-05,0.05797671398613602,1.4504010323435068e-05,2.86102294921875e-06,0,39,0,6,1.0,2.167447566990612,0.5217484331188992
1024,16,65536,raw_soa_b256,soa,256,3,1.4643010217696428e-05,1.3325014151632786e-05,1.542700920253992e-05,9.887999854981899e-06,6.11750001553446e-05,6.023401510901749e-05,6.140500772744417e-05,0.05797671398613602,1.4504010323435068e-05,2.86102294921875e-06,0,39,0,6,1.0,2.268248762745215,0.5429340371853468
1024,16,65536,raw_strided_b256,strided,256,3,1.5278987120836973e-05,1.5259021893143654e-05,1.531001180410385e-05,1.056000031530857e-05,,,,0.05797671398613602,1.4504010323435068e-05,2.86102294921875e-06,0,39,0,6,1.0,2.1738345314696503,
1048576,16,67108864,cupy_composed,aos,,3,0.005910392996156588,0.005907234008191153,0.005932885018410161,0.00590396785736084,0.01156441998318769,0.011498781997943297,0.01158191601280123,,0.0014831589942332357,3.814697265625e-06,0,,,,,10.028141621364675,5.125225310871365
1048576,16,67108864,cupy_partial_fusion,aos,,3,0.004878396022832021,0.004876138991676271,0.004896074999123812,0.004871871948242188,0.010413332987809554,0.010374700010288507,0.010424714011605829,0.04410113600897603,0.0014831589942332357,3.814697265625e-06,0,,,,,12.149538029709282,5.691766322345144
1048576,16,67108864,numpy,aos,,3,0.05927025800338015,0.059068823989946395,0.060030286986147985,,0.05927025800338015,0.059068823989946395,0.060030286986147985,,0.0014831589942332357,0.0,0,,,,,1.0,1.0
1048576,16,67108864,raw_aos_b256,aos,256,3,0.00018373900093138218,0.00018350500613451004,0.00018481299048289657,0.00017734399437904357,0.005650116014294326,0.005623134027700871,0.005667304008966312,0.058016171999042854,0.0014831589942332357,5.7220458984375e-06,0,39,0,6,1.0,322.57853641815973,10.490095752623716
1048576,16,67108864,raw_soa_b256,soa,256,3,0.00018287700368091464,0.00018283200915902853,0.00018333998741582036,0.00017632000148296357,0.005723679001675919,0.005672735976986587,0.005735785001888871,0.058016171999042854,0.0014831589942332357,5.7220458984375e-06,0,39,0,6,1.0,324.0990218037223,10.35527289109427
1048576,16,67108864,raw_strided_b256,strided,256,3,0.000188770005479455,0.00018826397717930377,0.0001891290012281388,0.00018240000307559966,,,,0.058016171999042854,0.0014831589942332357,5.7220458984375e-06,0,39,0,6,1.0,313.98133327824104,
16384,16,1048576,cupy_composed,aos,,3,9.60059987846762e-05,9.597899043001235e-05,9.687899728305638e-05,9.107200056314469e-05,0.0002378470089752227,0.0002353109885007143,0.00023922297987155616,,1.7917976947501302e-05,1.9073486328125e-06,0,,,,,4.955784040032243,2.0003825088000884
16384,16,1048576,cupy_partial_fusion,aos,,3,7.886902312748134e-05,7.822498446330428e-05,7.95370142441243e-05,7.398399710655212e-05,0.00020693198894150555,0.00020552100613713264,0.00020749500254169106,0.04389719798928127,1.7917976947501302e-05,1.9073486328125e-06,0,,,,,6.032596546243633,2.299233670725243
16384,16,1048576,numpy,aos,,3,0.00047578499652445316,0.00046707899309694767,0.0004876720195170492,,0.00047578499652445316,0.00046707899309694767,0.0004876720195170492,,1.7917976947501302e-05,0.0,0,,,,,1.0,1.0
16384,16,1048576,raw_aos_b256,aos,256,3,1.567899016663432e-05,1.5184021322056651e-05,1.577497459948063e-05,1.0879999957978725e-05,0.00014182701124809682,0.00014140899293124676,0.00014255399582907557,0.05774776899488643,1.7917976947501302e-05,3.814697265625e-06,0,39,0,6,1.0,30.345385223657296,3.354685347575762
16384,16,1048576,raw_soa_b256,soa,256,3,1.5038996934890747e-05,1.4371995348483324e-05,1.5635014278814197e-05,1.0143999941647053e-05,0.00016153199248947203,0.00016133798635564744,0.0001637050008866936,0.05774776899488643,1.7917976947501302e-05,3.814697265625e-06,0,39,0,6,1.0,31.63675068119891,2.9454536478615085
16384,16,1048576,raw_strided_b256,strided,256,3,1.5452009392902255e-05,1.5327008441090584e-05,1.5480996808037162e-05,1.0751999914646148e-05,,,,0.05774776899488643,1.7917976947501302e-05,3.814697265625e-06,0,39,0,6,1.0,30.791140778299088,
16777216,16,1073741824,cupy_composed,aos,,3,0.10014213397516869,0.09962079700198956,0.10043620600481518,0.10013497924804687,0.18795025598956272,0.18778458697488531,0.1881423690065276,,0.02367091499036178,3.814697265625e-06,0,,,,,10.454400774675726,5.570229194398235
16777216,16,1073741824,cupy_partial_fusion,aos,,3,0.08301617600955069,0.08275125798536465,0.08344681301969104,0.08300921630859374,0.17084902498754673,0.17053586698602885,0.17105407800409012,0.04352782102068886,0.02367091499036178,3.814697265625e-06,0,,,,,12.611108501158125,6.127784475703007
16777216,16,1073741824,numpy,aos,,3,1.046926003007684,1.0395136809966061,1.0724123980035074,,1.046926003007684,1.0395136809966061,1.0724123980035074,,0.02367091499036178,0.0,0,,,,,1.0,1.0
16777216,16,1073741824,raw_aos_b256,aos,256,3,0.0028401770105119795,0.0028366049809847027,0.0028440169990062714,0.002833215951919556,0.09587854600977153,0.09558572998503223,0.09641766198910773,0.056527175998780876,0.02367091499036178,5.7220458984375e-06,2,39,0,6,1.0,368.6129417754007,10.919293695807461
16777216,16,1073741824,raw_soa_b256,soa,256,3,0.002839322987711057,0.0028342930017970502,0.0028488339739851654,0.0028325119018554686,0.09581761399749666,0.09551010400173254,0.09644949799985625,0.056527175998780876,0.02367091499036178,5.7220458984375e-06,2,39,0,6,1.0,368.72381463430185,10.926237456038468
16777216,16,1073741824,raw_strided_b256,strided,256,3,0.0031805820181034505,0.003173951990902424,0.0032345500076189637,0.0031738879680633545,,,,0.056527175998780876,0.02367091499036178,5.7220458984375e-06,2,39,0,6,1.0,329.16176883624445,
262144,16,16777216,cupy_composed,aos,,3,0.0010486760002095252,0.0010244139994028956,0.0010555970075074583,0.0010427199602127074,0.0027668490074574947,0.0027540810115169734,0.0028554430173244327,,7.01569952070713e-05,3.814697265625e-06,0,,,,,8.723136614930304,3.3061956001106068
262144,16,16777216,cupy_partial_fusion,aos,,3,0.0009544150088913739,0.0009539930033497512,0.0009556989825796336,0.0009492800235748291,0.0026436040061526,0.002622223022626713,0.002705290011363104,0.04341788898454979,7.01569952070713e-05,3.814697265625e-06,0,,,,,9.584660686813983,3.4603306672770726
262144,16,16777216,numpy,aos,,3,0.009147744014626369,0.00909967499319464,0.009261034021619707,,0.009147744014626369,0.00909967499319464,0.009261034021619707,,7.01569952070713e-05,0.0,0,,,,,1.0,1.0
262144,16,16777216,raw_aos_b256,aos,256,3,4.559798981063068e-05,3.6676996387541294e-05,4.785897908732295e-05,4.064000025391579e-05,0.0017462380055803806,0.0017422969976905733,0.0017546179878991097,0.05850495499907993,7.01569952070713e-05,5.7220458984375e-06,0,39,0,6,1.0,200.61726520439,5.238543649487242
262144,16,16777216,raw_soa_b256,soa,256,3,5.736202001571655e-05,5.7111989008262753e-05,5.7837984059005976e-05,5.2032001316547395e-05,0.0018155519792344421,0.0017648419889155775,0.0018215080199297518,0.05850495499907993,7.01569952070713e-05,5.7220458984375e-06,0,39,0,6,1.0,159.47388205854656,5.038547019999762
262144,16,16777216,raw_strided_b256,strided,256,3,5.9326994232833385e-05,5.821199738420546e-05,6.0049002058804035e-05,5.3759999573230744e-05,,,,0.05850495499907993,7.01569952070713e-05,5.7220458984375e-06,0,39,0,6,1.0,154.1919345976865,
262144,256,268435456,cupy_composed,aos,,3,0.007000281999353319,0.006997610005782917,0.007003852020716295,0.0069937920570373536,0.028217196988407522,0.0281815140042454,0.028249646013136953,,0.0029674429970327765,1.52587890625e-05,0,,,,,25.488516822862156,6.3233355736432415
262144,256,268435456,cupy_partial_fusion,aos,,3,0.0027810600004158914,0.0027716190088540316,0.0027839130198117346,0.0027738239765167237,0.023859010980231687,0.023855742008890957,0.02386350801680237,0.043584491999354213,0.0029674429970327765,1.52587890625e-05,0,,,,,64.15784106729575,7.478382303991193
262144,256,268435456,numpy,aos,,6,0.17842680550529622,0.17532805298105814,0.1795599090110045,,0.17842680550529622,0.17532805298105814,0.1795599090110045,,0.00296393949247431,0.0,0,,,,,1.0,1.0
262144,256,268435456,raw_aos_b1024,aos,1024,3,0.0011966839956585318,0.0011952510103583336,0.001198115001898259,0.0011902400255203247,,,,0.05746039902442135,0.002962018013931811,5.340576171875e-05,0,39,0,1,0.6666666666666666,149.1010209483987,
262144,256,268435456,raw_aos_b128,aos,128,3,0.0011860280064865947,0.0011860179947689176,0.0011880430101882666,0.001179263949394226,,,,0.05746039902442135,0.002962018013931811,5.340576171875e-05,0,39,0,12,1.0,150.44063422570866,
262144,256,268435456,raw_aos_b256,aos,256,3,0.001216542994370684,0.0012161129852756858,0.0012215739989187568,0.001209887981414795,0.022296862007351592,0.022211091010831296,0.022399011999368668,0.05862259698915295,0.0029674429970327765,5.340576171875e-05,0,39,0,6,1.0,146.66707739137172,8.002328105473604
262144,256,268435456,raw_aos_b32,aos,32,3,0.0011829239956568927,0.0011801740038208663,0.001185945002362132,0.0011773760318756104,0.02239372898475267,0.022343315999023616,0.022451292985351756,0.05746039902442135,0.002962018013931811,5.340576171875e-05,0,39,0,24,0.5,150.83539277281594,7.967712997990757
262144,256,268435456,raw_aos_b512,aos,512,3,0.0012451370130293071,0.001244793995283544,0.001245280000148341,0.0012386239767074585,,,,0.05746039902442135,0.002962018013931811,5.340576171875e-05,0,39,0,3,1.0,143.29893307982206,
262144,256,268435456,raw_aos_b64,aos,64,3,0.0011889110028278083,0.0011880449892487377,0.001190008013509214,0.001182144045829773,,,,0.05746039902442135,0.002962018013931811,5.340576171875e-05,0,39,0,24,1.0,150.07582996617117,
262144,256,268435456,raw_soa_b1024,soa,1024,3,0.0006674850010313094,0.0006668160203844309,0.0006676360208075494,0.0006603519916534424,,,,0.05746039902442135,0.002962018013931811,5.340576171875e-05,0,39,0,1,0.6666666666666666,267.31208226344376,
262144,256,268435456,raw_soa_b128,soa,128,3,0.000665659987134859,0.0006656159821432084,0.0006667829875368625,0.0006592959761619568,,,,0.05746039902442135,0.002962018013931811,5.340576171875e-05,0,39,0,12,1.0,268.0449613221952,
262144,256,268435456,raw_soa_b256,soa,256,3,0.0006678560166619718,0.0006677359924651682,0.0006702629907522351,0.0006614080071449279,0.022033904999261722,0.0219471650198102,0.02212341400445439,0.05862259698915295,0.0029674429970327765,5.340576171875e-05,0,39,0,6,1.0,267.1635817508926,8.097829481940432
262144,256,268435456,raw_soa_b32,soa,32,3,0.0006685109983664006,0.0006678390200249851,0.0006696700002066791,0.0006620799899101258,0.021970022993627936,0.021925084001850337,0.022228543006349355,0.05746039902442135,0.002962018013931811,5.340576171875e-05,0,39,0,24,0.5,266.9018250130617,8.121375455867577
262144,256,268435456,raw_soa_b512,soa,512,3,0.0006668790010735393,0.0006657939811702818,0.0006672999879810959,0.0006602879762649536,,,,0.05746039902442135,0.002962018013931811,5.340576171875e-05,0,39,0,3,1.0,267.5549915622856,
262144,256,268435456,raw_soa_b64,soa,64,3,0.0006666719855275005,0.0006654320168308914,0.0006673540046904236,0.0006600639820098877,,,,0.05746039902442135,0.002962018013931811,5.340576171875e-05,0,39,0,24,1.0,267.63807296344845,
262144,256,268435456,raw_strided_b1024,strided,1024,3,0.0012002220028080046,0.001198272017063573,0.0012019980058539659,0.0011937600374221802,,,,0.05746039902442135,0.002962018013931811,5.340576171875e-05,0,39,0,1,0.6666666666666666,148.66150186203387,
262144,256,268435456,raw_strided_b128,strided,128,3,0.0011899830133188516,0.0011899149976670742,0.0011910790053661913,0.0011836800575256348,,,,0.05746039902442135,0.002962018013931811,5.340576171875e-05,0,39,0,12,1.0,149.94063235210854,
262144,256,268435456,raw_strided_b256,strided,256,3,0.0012114779965486377,0.0012094959965907037,0.001212421979289502,0.001204319953918457,,,,0.05862259698915295,0.0029674429970327765,5.340576171875e-05,0,39,0,6,1.0,147.2802692361015,
262144,256,268435456,raw_strided_b32,strided,32,3,0.0011878390214405954,0.0011848989815916866,0.0011889880115631968,0.0011813759803771973,,,,0.05746039902442135,0.002962018013931811,5.340576171875e-05,0,39,0,24,0.5,150.21126792829432,
262144,256,268435456,raw_strided_b512,strided,512,3,0.0012410259805619717,0.0012402200081851333,0.001243178005097434,0.0012345600128173828,,,,0.05746039902442135,0.002962018013931811,5.340576171875e-05,0,39,0,3,1.0,143.77362625760622,
262144,256,268435456,raw_strided_b64,strided,64,3,0.0011931290209759027,0.0011923169950023293,0.001193181989947334,0.0011865919828414916,,,,0.05746039902442135,0.002962018013931811,5.340576171875e-05,0,39,0,24,1.0,149.5452732843214,
262144,4,4194304,cupy_composed,aos,,3,0.000910819013370201,0.0009090439998544753,0.0009134580031968653,0.0009057279825210571,0.001480195001931861,0.0014748370158486068,0.0014865470002405345,,2.028199378401041e-05,9.5367431640625e-07,0,,,,,5.554740212994819,3.4180381596509557
262144,4,4194304,cupy_partial_fusion,aos,,3,0.0008917200029827654,0.0008903050038497895,0.0008920490217860788,0.0008866559863090515,0.0014585019962396473,0.0014480259851552546,0.0014617019915021956,0.04406458302401006,2.028199378401041e-05,9.5367431640625e-07,0,,,,,5.673712581757017,3.468876294562448
262144,4,4194304,numpy,aos,,3,0.005059363000327721,0.004877595987636596,0.0050825540092773736,,0.005059363000327721,0.004877595987636596,0.0050825540092773736,,2.028199378401041e-05,0.0,0,,,,,1.0,1.0
262144,4,4194304,raw_aos_b256,aos,256,3,1.750400406308472e-05,1.745100598782301e-05,1.757199061103165e-05,1.2703999876976014e-05,0.0005748789990320802,0.000569191004615277,0.0005799770005978644,0.0577539209916722,2.028199378401041e-05,1.9073486328125e-06,0,39,0,6,1.0,289.0403236935785,8.800744171984254
262144,4,4194304,raw_soa_b256,soa,256,3,1.942997914738953e-05,1.854199217632413e-05,2.0265986677259207e-05,1.456000003963709e-05,0.0005907170125283301,0.0005878430092707276,0.0005975780077278614,0.0577539209916722,2.028199378401041e-05,1.9073486328125e-06,0,39,0,6,1.0,260.3895229093676,8.564782955332745
262144,4,4194304,raw_strided_b256,strided,256,3,2.4523003958165646e-05,2.3316009901463985e-05,2.5461980840191245e-05,1.9263999536633493e-05,,,,0.0577539209916722,2.028199378401041e-05,1.9073486328125e-06,0,39,0,6,1.0,206.3108993073852,
262144,512,536870912,cupy_composed,aos,,3,0.012996654986636713,0.012983608990907669,0.013000682985875756,0.0129900484085083,0.05477619799785316,0.054656811989843845,0.05485220198170282,,0.0060628720093518496,2.288818359375e-05,0,,,,,25.30617442274182,6.004352803327392
262144,512,536870912,cupy_partial_fusion,aos,,3,0.004529922007350251,0.004527768003754318,0.004546632000710815,0.004523231983184815,0.04598444499424659,0.045967479003593326,0.04616538900882006,0.043422238988569006,0.0060628720093518496,2.288818359375e-05,0,,,,,72.60513922101967,7.152323313789612
262144,512,536870912,numpy,aos,,3,0.3288956180040259,0.3283764279913157,0.3292252570099663,,0.3288956180040259,0.3283764279913157,0.3292252570099663,,0.0060628720093518496,0.0,0,,,,,1.0,1.0
262144,512,536870912,raw_aos_b256,aos,256,3,0.002435217989841476,0.002434379974147305,0.0024388000019825995,0.0024286398887634277,0.04407709598308429,0.04394417299772613,0.04415869701188058,0.05688122898573056,0.0060628720093518496,0.0001373291015625,0,39,0,6,1.0,135.05797812598937,7.461825936315042
262144,512,536870912,raw_soa_b256,soa,256,3,0.0013145970006007701,0.0013134400069247931,0.0013157129869796336,0.0013073920011520386,0.04308728297473863,0.04305911500705406,0.04312909199506976,0.05688122898573056,0.0060628720093518496,0.0001373291015625,0,39,0,6,1.0,250.18740941423172,7.633241070151767
262144,512,536870912,raw_strided_b256,strided,256,3,0.002444916986860335,0.0024387940065935254,0.0024490500218234956,0.002438143968582153,,,,0.05688122898573056,0.0060628720093518496,0.0001373291015625,0,39,0,6,1.0,134.52220250078125,
262144,64,67108864,cupy_composed,aos,,3,0.002591886994196102,0.002591422002296895,0.002593832992715761,0.002585983991622925,0.007832897012121975,0.007782290980685502,0.007990685990080237,,0.0005840680096298456,7.62939453125e-06,0,,,,,17.272316304069193,5.7153683903767245
262144,64,67108864,cupy_partial_fusion,aos,,3,0.0015519029984716326,0.0015507639909628779,0.0015540119784418494,0.0015456639528274535,0.006715358991641551,0.006704555999021977,0.006743909994838759,0.043863939004950225,0.0005840680096298456,7.62939453125e-06,0,,,,,28.847094201278807,6.666492743556936
262144,64,67108864,numpy,aos,,3,0.044767891988158226,0.04464283201377839,0.04481923900311813,,0.044767891988158226,0.04464283201377839,0.04481923900311813,,0.0005840680096298456,0.0,0,,,,,1.0,1.0
262144,64,67108864,raw_aos_b256,aos,256,3,0.0001911690051201731,0.00019011800759471953,0.00019201499526388943,0.00018467199802398683,0.00533023799653165,0.005303051992086694,0.00535871199099347,0.057879037980455905,0.0005840680096298456,2.288818359375e-05,0,39,0,6,1.0,234.17965668658542,8.39885423827011
262144,64,67108864,raw_soa_b256,soa,256,3,0.0001823269994929433,0.00018007101607508957,0.00018246498075313866,0.00017577600479125977,0.005480779975187033,0.005427249998319894,0.005529054993530735,0.057879037980455905,0.0005840680096298456,2.288818359375e-05,0,39,0,6,1.0,245.5362733586306,8.168160771064434
262144,64,67108864,raw_strided_b256,strided,256,3,0.00022014000569470227,0.0002191350213252008,0.00022986999829299748,0.0002155520021915436,,,,0.057879037980455905,0.0005840680096298456,2.288818359375e-05,0,39,0,6,1.0,203.36100131769723,
4096,16,262144,cupy_composed,aos,,3,5.7425000704824924e-05,5.718701868318021e-05,5.906799924559891e-05,5.2319999784231185e-05,0.00013883499195799232,0.000135600013891235,0.00014255597488954663,,1.5080993762239814e-05,1.9073486328125e-06,0,,,,,2.113661289701324,0.8742536686110448
4096,16,262144,cupy_partial_fusion,aos,,3,4.083200474269688e-05,4.0054001146927476e-05,4.115901538170874e-05,3.612799942493439e-05,0.00011234599514864385,0.0001109449949581176,0.00011497500236146152,0.04340847101411782,1.5080993762239814e-05,1.9073486328125e-06,0,,,,,2.972594703975903,1.0803856505099894
4096,16,262144,numpy,aos,,3,0.00012137700105085969,0.00012085097841918468,0.0001221899874508381,,0.00012137700105085969,0.00012085097841918468,0.0001221899874508381,,1.5080993762239814e-05,0.0,0,,,,,1.0,1.0
4096,16,262144,raw_aos_b256,aos,256,3,1.553600304760039e-05,1.5169003745540977e-05,1.571900793351233e-05,1.056000031530857e-05,7.689101039431989e-05,7.68020108807832e-05,7.706900942139328e-05,0.05801384799997322,1.5080993762239814e-05,2.86102294921875e-06,0,39,0,6,1.0,7.812627268350528,1.578559059484359
4096,16,262144,raw_soa_b256,soa,256,3,1.543600228615105e-05,1.3690005289390683e-05,1.560201053507626e-05,1.056000031530857e-05,7.50980107113719e-05,7.353199180215597e-05,7.967400597408414e-05,0.05801384799997322,1.5080993762239814e-05,2.86102294921875e-06,0,39,0,6,1.0,7.863240675971998,1.6162478859440665
4096,16,262144,raw_strided_b256,strided,256,3,1.5434983652085066e-05,1.5250989235937595e-05,1.7041980754584074e-05,1.0784000158309936e-05,,,,0.05801384799997322,1.5080993762239814e-05,2.86102294921875e-06,0,39,0,6,1.0,7.863759611722247,
4194304,16,268435456,cupy_composed,aos,,3,0.024845806998200715,0.024764838977716863,0.02488794398959726,0.024838560104370116,0.046598022017860785,0.0465133789984975,0.04668776399921626,,0.00591021598665975,5.7220458984375e-06,0,,,,,10.412036949552459,5.551640376657152
4194304,16,268435456,cupy_partial_fusion,aos,,3,0.020585021993611008,0.020583033998264,0.020731969008920714,0.020578559875488282,0.04231107799569145,0.0422499009873718,0.04236893801135011,0.04313135001575574,0.00591021598665975,5.7220458984375e-06,0,,,,,12.567169497657396,6.1141306901482855
4194304,16,268435456,numpy,aos,,6,0.2586954605067149,0.25395478698192164,0.2681461680040229,,0.2586954605067149,0.25395478698192164,0.2681461680040229,,0.0059140559897059575,0.0,0,,,,,1.0,1.0
4194304,16,268435456,raw_aos_b1024,aos,1024,3,0.0006860800203867257,0.0006852599908597767,0.0006872749945614487,0.0006796159744262695,,,,0.05683432301157154,0.005917895992752165,7.62939453125e-06,0,39,0,1,0.6666666666666666,377.0631017077205,
4194304,16,268435456,raw_aos_b128,aos,128,3,0.0006842190050520003,0.0006841949943918735,0.0006852690130472183,0.0006770880222320557,,,,0.05683432301157154,0.005917895992752165,7.62939453125e-06,0,39,0,12,1.0,378.0886800813932,
4194304,16,268435456,raw_aos_b256,aos,256,3,0.0006874179816804826,0.0006867580232210457,0.0006875849794596434,0.0006802240014076233,0.023138478980399668,0.023083829000825062,0.023710899986326694,0.05675554199842736,0.00591021598665975,7.62939453125e-06,0,39,0,6,1.0,376.32920202974645,11.180314001013322
4194304,16,268435456,raw_aos_b32,aos,32,3,0.0006846679898444563,0.0006837700202595443,0.000685278995661065,0.000678272008895874,0.02307553801801987,0.0230276359943673,0.023092832998372614,0.05683432301157154,0.005917895992752165,7.62939453125e-06,0,39,0,24,0.5,377.84074083189665,11.210809485988909
4194304,16,268435456,raw_aos_b512,aos,512,3,0.0006855980027467012,0.0006852519873064011,0.0006870590150356293,0.0006793599724769592,,,,0.05683432301157154,0.005917895992752165,7.62939453125e-06,0,39,0,3,1.0,377.3282003014989,
4194304,16,268435456,raw_aos_b64,aos,64,3,0.0006843119917903095,0.0006839550042059273,0.0006852920050732791,0.0006783679723739624,,,,0.05683432301157154,0.005917895992752165,7.62939453125e-06,0,39,0,24,1.0,378.03730405178356,
4194304,16,268435456,raw_soa_b1024,soa,1024,3,0.0006863019953016192,0.0006852369988337159,0.0006880959845148027,0.0006802560091018677,,,,0.05683432301157154,0.005917895992752165,7.62939453125e-06,0,39,0,1,0.6666666666666666,376.9411458479327,
4194304,16,268435456,raw_soa_b128,soa,128,3,0.0006852000078652054,0.000684315018588677,0.0006852160149719566,0.0006785280108451843,,,,0.05683432301157154,0.005917895992752165,7.62939453125e-06,0,39,0,12,1.0,377.5473694355331,
4194304,16,268435456,raw_soa_b256,soa,256,3,0.0006862370064482093,0.0006853949744254351,0.0006863109883852303,0.000679647982120514,0.023128105996875092,0.02309099500416778,0.023308928997721523,0.05675554199842736,0.00591021598665975,7.62939453125e-06,0,39,0,6,1.0,376.9768433877644,11.185328385370942
4194304,16,268435456,raw_soa_b32,soa,32,3,0.0006853420054540038,0.0006848750053904951,0.0006862110167276114,0.0006793919801712036,0.023111955990316346,0.023054785997373983,0.023122162994695827,0.05683432301157154,0.005917895992752165,7.62939453125e-06,0,39,0,24,0.5,377.46914452637765,11.193144388778926
4194304,16,268435456,raw_soa_b512,soa,512,3,0.000684342987369746,0.0006841559952590615,0.0006852390069980174,0.0006774719953536987,,,,0.05683432301157154,0.005917895992752165,7.62939453125e-06,0,39,0,3,1.0,378.02018181117626,
4194304,16,268435456,raw_soa_b64,soa,64,3,0.0006852860096842051,0.000685133010847494,0.0006872710073366761,0.0006784639954566955,,,,0.05683432301157154,0.005917895992752165,7.62939453125e-06,0,39,0,24,1.0,377.49998810850883,
4194304,16,268435456,raw_strided_b1024,strided,1024,3,0.0007988220022525638,0.0007968940190039575,0.0008010549936443567,0.0007905920147895814,,,,0.05683432301157154,0.005917895992752165,7.62939453125e-06,0,39,0,1,0.6666666666666666,323.8461882337125,
4194304,16,268435456,raw_strided_b128,strided,128,3,0.0007171010074671358,0.000717045011697337,0.0007191449985839427,0.0007111039757728576,,,,0.05683432301157154,0.005917895992752165,7.62939453125e-06,0,39,0,12,1.0,360.7517738964698,
4194304,16,268435456,raw_strided_b256,strided,256,3,0.0007955399923957884,0.0007742119778413326,0.000803317001555115,0.0007857599854469299,,,,0.05675554199842736,0.00591021598665975,7.62939453125e-06,0,39,0,6,1.0,325.1822195985988,
4194304,16,268435456,raw_strided_b32,strided,32,3,0.0007127519929781556,0.0007119759975466877,0.0007130059821065515,0.0007058879733085632,,,,0.05683432301157154,0.005917895992752165,7.62939453125e-06,0,39,0,24,0.5,362.9529809180672,
4194304,16,268435456,raw_strided_b512,strided,512,3,0.000754706998122856,0.0007517389894928783,0.0007573809998575598,0.0007473919987678527,,,,0.05683432301157154,0.005917895992752165,7.62939453125e-06,0,39,0,3,1.0,342.77601923680953,
4194304,16,268435456,raw_strided_b64,strided,64,3,0.0007198399980552495,0.0007179100066423416,0.0007219990075100213,0.0007134400010108948,,,,0.05683432301157154,0.005917895992752165,7.62939453125e-06,0,39,0,24,1.0,359.3791136997355,
65536,16,4194304,cupy_composed,aos,,3,0.0002620830200612545,0.0002610259980428964,0.00026244399487040937,0.00025721600651741025,0.0007325219921767712,0.0007316789997275919,0.0007342129829339683,,2.6480993255972862e-05,2.384185791015625e-06,0,,,,,7.557784563065568,2.704037591246212
65536,16,4194304,cupy_partial_fusion,aos,,3,0.00024325400590896606,0.00024282201775349677,0.00024381998809985816,0.00023827199637889863,0.000711516011506319,0.0007086639816407114,0.0007155360071919858,0.0434517810062971,2.6480993255972862e-05,2.384185791015625e-06,0,,,,,8.142792945419462,2.7838684881695897
65536,16,4194304,numpy,aos,,3,0.001980767003260553,0.0019741749856621027,0.0020222049788571894,,0.001980767003260553,0.0019741749856621027,0.0020222049788571894,,2.6480993255972862e-05,0.0,0,,,,,1.0,1.0
65536,16,4194304,raw_aos_b256,aos,256,3,1.9327999325469136e-05,1.931699807755649e-05,2.053700154647231e-05,1.44640002399683e-05,0.00047899200581014156,0.0004782879841513932,0.000483695010188967,0.05834998399950564,2.6480993255972862e-05,3.814697265625e-06,0,39,0,6,1.0,102.48174008628153,4.13528196553174
65536,16,4194304,raw_soa_b256,soa,256,3,1.610099570825696e-05,1.5906989574432373e-05,1.7264013877138495e-05,1.1359999887645245e-05,0.0005012769834138453,0.0004961119848303497,0.0005037370137870312,0.05834998399950564,2.6480993255972862e-05,3.814697265625e-06,0,39,0,6,1.0,123.02139812662456,3.9514421543373897
65536,16,4194304,raw_strided_b256,strided,256,3,2.3522006813436747e-05,2.3509026505053043e-05,2.3611995857208967e-05,1.8912000581622124e-05,,,,0.05834998399950564,2.6480993255972862e-05,3.814697265625e-06,0,39,0,6,1.0,84.20909912027814,
