matrix_id,source_commit,case_id,sweep,operation,axis,axis_value,points,features,vertices,radius_fraction,window_low,window_high,cpu_workers,warmups,trials,replications,cpu_ingest_seconds_median,cpu_ingest_seconds_min,cpu_ingest_seconds_max,cpu_index_build_seconds_median,cpu_index_build_seconds_min,cpu_index_build_seconds_max,cpu_candidate_seconds_median,cpu_candidate_seconds_min,cpu_candidate_seconds_max,cpu_exact_seconds_median,cpu_exact_seconds_min,cpu_exact_seconds_max,cpu_query_seconds_median,cpu_query_seconds_min,cpu_query_seconds_max,cpu_materialize_seconds_median,cpu_materialize_seconds_min,cpu_materialize_seconds_max,cpu_end_to_end_seconds_median,cpu_end_to_end_seconds_min,cpu_end_to_end_seconds_max,gpu_ingest_seconds_median,gpu_ingest_seconds_min,gpu_ingest_seconds_max,gpu_index_build_seconds_median,gpu_index_build_seconds_min,gpu_index_build_seconds_max,gpu_candidate_seconds_median,gpu_candidate_seconds_min,gpu_candidate_seconds_max,gpu_exact_seconds_median,gpu_exact_seconds_min,gpu_exact_seconds_max,gpu_query_seconds_median,gpu_query_seconds_min,gpu_query_seconds_max,gpu_materialize_seconds_median,gpu_materialize_seconds_min,gpu_materialize_seconds_max,gpu_end_to_end_seconds_median,gpu_end_to_end_seconds_min,gpu_end_to_end_seconds_max,gpu_end_to_end_speedup,gpu_resident_query_speedup,reused_index_break_even_queries_median,materialized_reuse_break_even_queries_median,matches,cpu_candidate_pairs,cpu_rss_bytes_max,cpu_gpu_used_bytes_max,gpu_candidate_pairs,gpu_rss_bytes_max,gpu_gpu_used_bytes_max,maximum_absolute_distance_error,maximum_relative_distance_error
ea50b93f1817b252,621212fd37cb221cc8322c50cc4f5ea663a34064,direct_scale-100000-b82ad5dab8,direct_scale,direct_pip,points,100000,100000,16,17,,,,8,1,3,3,0.0,0.0,0.0,0.0,0.0,0.0,0.0,0.0,0.0,0.0,0.0,0.0,0.07527550899249036,0.07502226300130133,0.07565321799484082,0.0021403020073194057,0.002083850995404646,0.0022103619994595647,0.077359359987895,0.07716256500862073,0.07786357999430038,0.034860325016779825,0.03410343699215446,0.03542993200244382,0.0,0.0,0.0,0.0,0.0,0.0,0.0,0.0,0.0,0.015117988994461484,0.015083321995916776,0.015425792007590644,0.004602364992024377,0.004522287010331638,0.004603670007782057,0.05446593402302824,0.05413289900752716,0.05515028598892968,1.4203255920514906,4.979201203286213,1,1,44467,,389591040,749142016,,752496640,761724928,0.0,0.0
ea50b93f1817b252,621212fd37cb221cc8322c50cc4f5ea663a34064,direct_scale-1000000-7b77e5e8df,direct_scale,direct_pip,points,1000000,1000000,16,17,,,,8,1,3,3,0.0,0.0,0.0,0.0,0.0,0.0,0.0,0.0,0.0,0.0,0.0,0.0,0.7520860670047114,0.7077992100093979,0.759217629005434,0.022772801996325143,0.022374085005139932,0.02300372300669551,0.7748588690010365,0.7301732950145379,0.7822213520121295,0.03748985398851801,0.037288270992576145,0.03827652499603573,0.0,0.0,0.0,0.0,0.0,0.0,0.0,0.0,0.0,0.03326836800260935,0.033253431000048295,0.03361913000117056,0.035935503008659,0.03526394898653962,0.03624421599670313,0.10649214200384449,0.10600723397510592,0.10813987099390943,7.27620699913298,22.606641448288737,1,1,445663,,401920000,749142016,,827482112,856096768,0.0,0.0
ea50b93f1817b252,621212fd37cb221cc8322c50cc4f5ea663a34064,direct_scale-10000000-5c66b43b4b,direct_scale,direct_pip,points,10000000,10000000,16,17,,,,8,1,3,3,0.0,0.0,0.0,0.0,0.0,0.0,0.0,0.0,0.0,0.0,0.0,0.0,7.530628485998022,7.20383917199797,7.6565349099982996,0.21702858299249783,0.21661679600947537,0.21772699199209455,7.747245282007498,7.4215661639900645,7.873563492990797,0.11654047899355646,0.11540304699155968,0.11755269099376164,0.0,0.0,0.0,0.0,0.0,0.0,0.0,0.0,0.0,0.20118473199545406,0.20112698701268528,0.20122686600370798,0.3623459480004385,0.3607651009951951,0.36266190800233744,0.680113292997703,0.67729513499944,0.6813993309915531,11.391109925024894,37.43141147593737,1,1,4448883,,546799616,749142016,,1529679872,1785135104,0.0,0.0
ea50b93f1817b252,621212fd37cb221cc8322c50cc4f5ea663a34064,join_features-16-f87b93ee74,join_features,indexed_join,features,16,10000000,16,17,,,,8,1,3,3,1.3405156060034642,1.3385986189969117,1.3617944889992941,2.4952998501248658e-05,2.4901004508137703e-05,2.5542001822032034e-05,0.06815009900310542,0.06550464899919461,0.06972040499385912,0.310549671004992,0.31015174600179307,0.31249822600511834,0.381983245984884,0.3759036970004672,0.38221863099897746,0.011713191008311696,0.011442853006883524,0.012082615998224355,1.7346070099883946,1.7262404600041918,1.7554808740096632,0.09387911499652546,0.08922829701623414,0.09783149701252114,0.05670986800396349,0.05514890000631567,0.058526046996121295,0.001549051987240091,0.0015357430092990398,0.0015517770079895854,0.01842294799280353,0.018280161006259732,0.018427194998366758,0.01997162599582225,0.019828916018013842,0.01997334699262865,0.01584297099907417,0.01583827199647203,0.015869188006035984,0.18640530099219177,0.18359515801421367,0.18864758503332268,9.30556695949894,19.126296780481912,0,0,4448883,6030844,2990936064,749142016,6302834,2587291648,1214709760,0.0,0.0
ea50b93f1817b252,621212fd37cb221cc8322c50cc4f5ea663a34064,join_features-256-b1fd8247a9,join_features,indexed_join,features,256,10000000,256,17,,,,8,1,3,3,1.3267312579991994,1.3207000920083374,1.327219665996381,5.6119999499060214e-05,5.579400749411434e-05,5.8420991990715265e-05,0.09937635899404995,0.09847404299944174,0.10703503500553779,0.31725841500156093,0.31704367201018613,0.31811444100458175,0.4151586420048261,0.4143976769846631,0.4242934500070987,0.011369062995072454,0.011164032999658957,0.011480304005090147,1.7526676599809434,1.7470785610203166,1.7629382989980513,0.09657623601378873,0.09393793699564412,0.09693827599403448,0.0567788510088576,0.05624847000581212,0.0601951150019886,0.0016032160056056455,0.0016009829996619374,0.001611501007573679,0.019010620002518408,0.018915337001089938,0.01902251700812485,0.020622503987397067,0.0205322350084316,0.020642633011448197,0.01567726000212133,0.01556687599804718,0.015741891009383835,0.1900370200164616,0.18655080199823715,0.1928704620222561,9.222769646825244,20.13134012526025,0,0,4447851,6032863,3008339968,749142016,6933713,2610823168,1214709760,0.0,0.0
ea50b93f1817b252,621212fd37cb221cc8322c50cc4f5ea663a34064,join_features-4096-55044318d3,join_features,indexed_join,features,4096,10000000,4096,17,,,,8,1,3,3,1.3438420620077522,1.3349165680119768,1.3539226569992024,0.0006103710038587451,0.0006034899997757748,0.0006311470060609281,0.21958227700088173,0.2102623440005118,0.22906829199928325,0.33342808499583043,0.33300928899552673,0.3392081179918023,0.5541079740069108,0.5500781230075518,0.5610915379947983,0.011627445011981763,0.011575313008506782,0.01186591999430675,1.9061058690276695,1.9015216090192553,1.9272451300057583,0.20093319499574136,0.19456316401192453,0.20334411700605415,0.056507267989218235,0.0552797849959461,0.0573793149960693,0.0015670299908379093,0.0015610569971613586,0.0015693450113758445,0.022390932994312607,0.02237117300683167,0.022502396008349024,0.02394126598665025,0.02393302599375602,0.02406272701045964,0.015767921999213286,0.01565330699668266,0.015831630997126922,0.29720511997584254,0.28955213699373417,0.30043946600926574,6.4134355060323385,23.14447257366773,0,0,4444722,6034804,2986971136,749142016,9998821,2637000704,1216806912,0.0,0.0
ea50b93f1817b252,621212fd37cb221cc8322c50cc4f5ea663a34064,join_scale-100000-ea4e622a93,join_scale,indexed_join,points,100000,100000,1024,17,,,,8,1,3,3,0.012683367996942252,0.012085773996659555,0.012833697997848503,0.0001212370116263628,0.00011755299055948853,0.000122204000945203,0.002532086000428535,0.002484106007614173,0.002687547996174544,0.004027091999887489,0.004005663999123499,0.004033083998365328,0.006565169998793863,0.006541291004396044,0.006714639996062033,5.99490012973547e-05,5.5222000810317695e-05,6.3671002862975e-05,0.019560864006052725,0.018832130008377135,0.01957078298437409,0.06093363699619658,0.06081938400166109,0.06112911200034432,0.03562964098819066,0.03391945900511928,0.035843814999680035,0.0009085999918170273,0.0009024020109791309,0.0009151889971690252,0.004429851993336342,0.0044267089979257435,0.004483698998228647,0.005335308989742771,0.005329667998012155,0.005402177004725672,0.0012453870003810152,0.00124136901285965,0.0012501869932748377,0.10314313297567423,0.10162524900806602,0.10331076300644781,0.189647758815568,1.230513548777685,68,,44384,60354,414437376,749142016,99991,751136768,757530624,0.0,0.0
ea50b93f1817b252,621212fd37cb221cc8322c50cc4f5ea663a34064,join_scale-1000000-4403a6d40b,join_scale,indexed_join,points,1000000,1000000,1024,17,,,,8,1,3,3,0.13812431901169475,0.13511141600611154,0.14363999900524504,0.00016569400031585246,0.0001610850013094023,0.00017031699826475233,0.016396659004385583,0.01629434099595528,0.016565544006880373,0.03640107100363821,0.036143707009614445,0.03769517499313224,0.05287652599508874,0.052872794985887595,0.05422206499497406,0.0032168320030905306,0.0030401510011870414,0.0032200600107898936,0.1942113130062353,0.19271923501219135,0.19989071099553257,0.05095425799663644,0.05073916001128964,0.051176164983189665,0.027737643002183177,0.023807637000572868,0.032815060010761954,0.0013436890003504232,0.0013099469942972064,0.0013791789970127866,0.0067744359985226765,0.006688068999210373,0.006866220006486401,0.0081181249988731,0.007998015993507579,0.008245399003499188,0.006052944008843042,0.005995587009238079,0.006103347011958249,0.09296476798772346,0.08887560700532049,0.09790296603750903,2.089085114824167,6.513391454606659,0,0,444874,603343,650911744,749142016,942812,836378624,799473664,0.0,0.0
ea50b93f1817b252,621212fd37cb221cc8322c50cc4f5ea663a34064,join_scale-10000000-1b2b4be734,join_scale,indexed_join,points,10000000,10000000,1024,17,,,,8,1,3,3,1.3341743329947349,1.3208758719993057,1.3525532930070767,0.00017023399414028972,0.00016604999836999923,0.00017953400674741715,0.15565999399404973,0.15452788899710868,0.1631497659982415,0.33949989698885474,0.3369179430010263,0.34488740099186543,0.5056567900028313,0.492577936995076,0.5059391969844,0.011577876008232124,0.011084281009971164,0.011703571988618933,1.851363860987476,1.8384064679848962,1.8568886400171323,0.1203768970008241,0.11583320499630645,0.12253369600512087,0.056485934008378536,0.05526603100588545,0.05860124100581743,0.0016759449936216697,0.001661976013565436,0.0016802140016807243,0.020391986006870866,0.02038868899398949,0.02050935100123752,0.022068902995670214,0.02203617201303132,0.022192065996932797,0.0159417380054947,0.015843187997234054,0.01595586899202317,0.21352228801697493,0.21258238099107984,0.21703027101466432,8.670588340830694,22.912638208706525,0,0,4444679,6031229,3005591552,749142016,8385619,2594152448,1214709760,0.0,0.0
ea50b93f1817b252,621212fd37cb221cc8322c50cc4f5ea663a34064,join_scale-100000000-632d0c0f49,join_scale,indexed_join,points,100000000,100000000,1024,17,,,,8,1,3,3,12.797313178001787,12.792821709008422,12.840495329000987,0.0001581840042490512,0.0001543669932289049,0.0001723040040815249,1.597978587000398,1.5889386330090929,1.610969761008164,3.9360025510104606,3.8799272640026174,3.9572576119971927,5.531074955011718,5.48351360601373,5.543678381989594,0.07554604900360573,0.07453592200181447,0.07718019100138918,18.412218444005703,18.358161342010135,18.44626439001877,0.5768676849984331,0.568371808010852,0.5770698419946712,0.34178425300342496,0.3416116400039755,0.342717633000575,0.0018486170010874048,0.001838969998061657,0.0018585109937703237,0.16120807400147896,0.1611788269947283,0.16229153399763163,0.16306278899719473,0.16303552099270746,0.16411794499435928,0.11544013599632308,0.11306771299859975,0.11830727499909699,1.1957158199948026,1.1924086680082837,1.1973297519871267,15.398490290180936,33.919908944442696,0,0,44476149,60349134,23729664000,749142016,83864197,18791936000,5262213120,0.0,0.0
ea50b93f1817b252,621212fd37cb221cc8322c50cc4f5ea663a34064,join_scale-50000000-2076db3135,join_scale,indexed_join,points,50000000,50000000,1024,17,,,,8,1,3,3,6.440289742007735,6.434399031000794,6.4905921969912015,0.00016708500334061682,0.0001600459945620969,0.00016875300207175314,0.7963411199889379,0.7919804449920775,0.7992227549984818,1.6657665020029526,1.6609853389963973,1.666685927004437,2.4586663719965145,2.4554704040056095,2.4685843950137496,0.03876872699765954,0.03805091399408411,0.03919957201287616,8.94119438600319,8.938322771020466,8.985000080996542,0.322632755007362,0.3222311089921277,0.3286774350126507,0.1911566769995261,0.18989433799288236,0.1943033959978493,0.0016877290036063641,0.0016871060070116073,0.0016969120042631403,0.08406105999893043,0.0840604590048315,0.08416957998997532,0.08580049198644701,0.08576245100994129,0.08586649199423846,0.05655936599941924,0.05610477700247429,0.05700057100330014,0.659362008998869,0.656188848981401,0.6604390010179486,13.560372396309122,28.655620906985984,0,0,22242270,30177507,12580249600,749142016,41933084,9814286336,3011969024,0.0,0.0
ea50b93f1817b252,621212fd37cb221cc8322c50cc4f5ea663a34064,join_selectivity-0p1-6760f096d8,join_selectivity,indexed_join,radius_fraction,0.1,10000000,1024,17,0.1,,,8,1,3,3,1.3316001010098262,1.330348502000561,1.3437506350019248,0.00016427499940618873,0.00015696999616920948,0.00018260700744576752,0.088705525995465,0.0871805030037649,0.08977646799758077,0.042375921009806916,0.04102515400154516,0.043262453997158445,0.13080162199912593,0.12941030799993314,0.13215156400110573,0.00043603600352071226,0.00043549899419303983,0.0004474599991226569,1.4631003770045936,1.4616148390050512,1.4751703630026896,0.1164422510046279,0.11147860900382511,0.12012479499389883,0.05613319399708416,0.05550648701319005,0.05804825000814162,0.0012464199971873313,0.0012388729956001043,0.0012560809991555288,0.011973403990850784,0.011946789993089624,0.012023934003082104,0.013219823988038115,0.013193792998208664,0.013258025996037759,0.0025268169993069023,0.0024829540052451193,0.0025945159868570045,0.18769537900516298,0.18335278300219215,0.19396135398710612,7.795079371476416,9.894354275630375,0,0,307730,417303,2734194688,749142016,623794,2433581056,1214709760,0.0,0.0
ea50b93f1817b252,621212fd37cb221cc8322c50cc4f5ea663a34064,join_selectivity-0p2-decaee6101,join_selectivity,indexed_join,radius_fraction,0.2,10000000,1024,17,0.2,,,8,1,3,3,1.3278146179945907,1.3198053619998973,1.3581460179993883,0.00016357300046365708,0.00016215599316637963,0.00016499099729117006,0.11311134800780565,0.11293897198629566,0.11505449599644635,0.1349776569986716,0.13468706600542646,0.13531432299350854,0.24856797799293417,0.24762603799172211,0.2502882429980673,0.003509210000629537,0.0033963599998969585,0.003931742001441307,1.5821995939913904,1.571933272993192,1.6094434219849063,0.12637411399919074,0.12229018600191921,0.12752480599738192,0.05586151999887079,0.05537213699426502,0.05665974000294227,0.0014113759971223772,0.0013957740011392161,0.001412242985679768,0.014130893992842175,0.014094104990363121,0.014221342004020698,0.015542269989964552,0.01548828098748345,0.015631084010237828,0.00561690199538134,0.00556196499383077,0.005815462005557492,0.20405611497699283,0.19945544899383094,0.2042269030062016,7.7537475128828275,15.993029213456682,0,0,1230257,1668868,2786463744,749142016,2496168,2488135680,1214709760,0.0,0.0
ea50b93f1817b252,621212fd37cb221cc8322c50cc4f5ea663a34064,join_selectivity-0p38-977bb4bfb1,join_selectivity,indexed_join,radius_fraction,0.38,10000000,1024,17,0.38,,,8,1,3,3,1.3354451320046792,1.316159524008981,1.374252357010846,0.00016049300029408187,0.00015812099445611238,0.00016205899009946734,0.1579423719958868,0.15347549199941568,0.16176322600222193,0.3397727940027835,0.3368502680095844,0.34167866900679655,0.4986134940118063,0.49336721599684097,0.5002537690015743,0.011546751004061662,0.011239999992540106,0.011753604005207308,1.847100959988893,1.826477890019305,1.8795336700131884,0.11533791999681853,0.11492997000459582,0.12017220800044015,0.05598116300825495,0.05552540099597536,0.05720100199687295,0.0016775209951447323,0.0016640810063108802,0.001680174987995997,0.02041134799947031,0.020361678005428985,0.020527714004856534,0.022091522987466305,0.022025759011739865,0.02217517299868632,0.016087392999907024,0.015972446999512613,0.016164114989805967,0.20920260898128618,0.20902428502449766,0.21543717998429202,8.829244381718595,22.570353990292848,0,0,4444679,6031229,2986336256,749142016,8385619,2567925760,1214709760,0.0,0.0
ea50b93f1817b252,621212fd37cb221cc8322c50cc4f5ea663a34064,join_vertices-17-6a24c39b04,join_vertices,indexed_join,vertices,17,10000000,1024,17,,,,8,1,3,3,1.3358680669916794,1.3345860019908287,1.365877022006316,0.00016102599329315126,0.00016099899949040264,0.00016410999523941427,0.15311161099816673,0.15293786500114948,0.15457612699538004,0.34106830701057333,0.34009444201365113,0.34980716899735853,0.499225427993224,0.4930323070148006,0.5003556769952411,0.011388657992938533,0.011165593008627184,0.011564038999495097,1.8477734279731521,1.8451411329879193,1.8706343670201022,0.12285014400549699,0.12092089300858788,0.12466431000211742,0.05693627300206572,0.05511886799649801,0.05698539699369576,0.0016641359979985282,0.0016460589977214113,0.0016690540069248527,0.020433911005966365,0.020336301007773727,0.020452205004403368,0.02209826400212478,0.02200535501469858,0.022098421002738178,0.016147004993399605,0.01586636499268934,0.0163261190027697,0.21612137201009318,0.21582179500546772,0.22007424700132105,8.5497024694386,22.591160461528688,0,0,4444679,6031229,3017457664,749142016,8385619,2606850048,1214709760,0.0,0.0
ea50b93f1817b252,621212fd37cb221cc8322c50cc4f5ea663a34064,join_vertices-257-0acca2784d,join_vertices,indexed_join,vertices,257,10000000,1024,257,,,,8,1,3,3,1.3558447190007428,1.3558291470108088,1.3705887879914371,0.00017610599752515554,0.0001724940084386617,0.0001790710084605962,0.1571807139989687,0.15531262100557797,0.16511796500708442,0.6413482430070871,0.6380331489926903,0.641784920997452,0.8043793249962619,0.7962777060020017,0.8048286629928043,0.011440100002801046,0.011349292995873839,0.011562785002752207,2.1722740160039393,2.1719659000082174,2.1783882809977513,0.16764838199014775,0.1654697590129217,0.16938879001827445,0.057812061000731774,0.05649872199865058,0.06535391299985349,0.0015702910022810102,0.0015557900042040274,0.0015705129917478189,0.14184842599206604,0.14183504600077868,0.14208256799611263,0.14342470500560012,0.14341221399081405,0.1436478329997044,0.016441597996163182,0.016266298000118695,0.01681039499817416,0.38742346000799444,0.3820579120074399,0.39269329799572006,5.6069759326374164,5.608373571100281,0,0,4564621,6142476,3003707392,749142016,8524701,2663763968,1221001216,0.0,0.0
ea50b93f1817b252,621212fd37cb221cc8322c50cc4f5ea663a34064,join_vertices-4-ea88d7b683,join_vertices,indexed_join,vertices,4,10000000,1024,4,,,,8,1,3,3,1.3323143050074577,1.3129463399964152,1.3549516159982886,0.00015442400763276964,0.00012825700105167925,0.00016104000678751618,0.152517701004399,0.15094259699981194,0.15750516099797096,0.3140161789924605,0.31124052200175356,0.31580734299495816,0.4685220600076718,0.4621831190015655,0.47066759898734745,0.007134412997402251,0.007022295001661405,0.007551621994934976,1.8080197000235785,1.7828093379939673,1.832908051990671,0.11933848800254054,0.11926953500369564,0.18820495999534614,0.057149157000822015,0.05691429600119591,0.09283956998842768,0.0016692259960109368,0.0016565140103921294,0.0016711329953977838,0.01416871600667946,0.014133314005448483,0.014205186002072878,0.015839849002077244,0.015789828015840612,0.015876628996920772,0.010772939989692532,0.01075958099681884,0.010811531989020295,0.20313721398997586,0.20278519100975245,0.3076439599826699,8.900484871830516,29.578694844012066,0,0,2884084,5771894,3029794816,749142016,7808294,2728517632,1214709760,0.0,0.0
ea50b93f1817b252,621212fd37cb221cc8322c50cc4f5ea663a34064,join_vertices-65-87f8d174b1,join_vertices,indexed_join,vertices,65,10000000,1024,65,,,,8,1,3,3,1.3487174280016916,1.3373397190007381,1.3650468870037002,0.00016679200052749366,0.00016523100202903152,0.0001792210096027702,0.15384676099347416,0.153611436006031,0.15605347699602135,0.4194222819933202,0.4103335380059434,0.4310684520023642,0.5765982949960744,0.5657562080014031,0.5959670010051923,0.011580385995330289,0.011337003001244739,0.01204428999335505,1.9531474160030484,1.9153070089960238,1.956444036011817,0.12810792299569584,0.12722666200716048,0.12944622299983166,0.05564253400370944,0.055172259992104955,0.05670954800734762,0.001629713995498605,0.0016293209919240326,0.0016536909970454872,0.045013695998932235,0.04498316899116617,0.04504579000058584,0.04666820299462415,0.04661607199523132,0.04668333800509572,0.016607358993496746,0.016432049000286497,0.01667426100175362,0.24729380902135745,0.24697388798813336,0.24771873498684727,7.8980845648035025,12.35527099816752,0,0,4556714,6135030,2985873408,749142016,8516199,2660257792,1214709760,0.0,0.0
ea50b93f1817b252,621212fd37cb221cc8322c50cc4f5ea663a34064,nearest_features-1024-aafe8a7ea5,nearest_features,nearest,features,1024,100000,1024,9,,,,8,1,3,3,0.011977582995314151,0.011946158992941491,0.012491593006416224,6.541200855281204e-05,6.062099419068545e-05,6.610598939005286e-05,0.0,0.0,0.0,0.0,0.0,0.0,0.06839644000865519,0.06839015599689446,0.06843725299404468,0.0006399989943020046,0.000616246004938148,0.0007527579873567447,0.08119288698071614,0.08104172599269077,0.08160571299958974,0.04119212301156949,0.041167386996676214,0.04154209198895842,0.04519080099998973,0.029767721993266605,0.050215431008837186,0.0012269130093045533,0.001221227998030372,0.0012297720095375553,0.010612151003442705,0.01059842700487934,0.01064033800503239,0.011846895999042317,0.011821667008916847,0.011865163003676571,0.0018637260072864592,0.0017383929953211918,0.002023551001911983,0.10008707700762898,0.08486987398646306,0.10527800102136098,0.8112224815450184,5.773363758252309,2,2,100000,,417914880,749142016,1799826,795148288,759627776,3.460654968354498e-11,0.009350020380548966
ea50b93f1817b252,621212fd37cb221cc8322c50cc4f5ea663a34064,nearest_features-16-b4d268b820,nearest_features,nearest,features,16,100000,16,9,,,,8,1,3,3,0.012524197998573072,0.012433553012670018,0.012655069993343204,1.919199712574482e-05,1.770700328052044e-05,1.9520011846907437e-05,0.0,0.0,0.0,0.0,0.0,0.0,0.03475532800075598,0.025711708003655076,0.037615532011841424,0.0006336660007946193,0.0005897359951632097,0.0006885059992782772,0.04788696899777278,0.03879811901424546,0.05097862801630981,0.03489446399908047,0.034471974009647965,0.03524612600449473,0.03383723000297323,0.030438432993832976,0.04879803699441254,0.0010231069900328293,0.0010157490032725036,0.0010516089969314635,0.009255776996724308,0.009053624991793185,0.009317703006672673,0.010278883986757137,0.010227128004771657,0.010333452009945177,0.001752377997036092,0.001720432992442511,0.0017610909999348223,0.08116918601444922,0.07728045799012762,0.09530998599075247,0.589964878904271,3.381235554903939,3,3,100000,,416153600,749142016,193874,825737216,757530624,8.524640820662717e-13,1.7267994810430257e-06
ea50b93f1817b252,621212fd37cb221cc8322c50cc4f5ea663a34064,nearest_features-256-78d0afbdee,nearest_features,nearest,features,256,100000,256,9,,,,8,1,3,3,0.011738377012079582,0.011728201992809772,0.013301665996550582,3.0385999707505107e-05,2.998100535478443e-05,3.15469951601699e-05,0.0,0.0,0.0,0.0,0.0,0.0,0.04715778799436521,0.04600017800112255,0.04717847799474839,0.0006490050000138581,0.0006212049920577556,0.0008180400036508217,0.05957555600616615,0.05837956599134486,0.061329730990109965,0.0362191040039761,0.035782566003035754,0.03697174400440417,0.03300301599665545,0.03211012999236118,0.035157781007001176,0.0011426139972172678,0.0011395180044928566,0.0011534929944900796,0.009602659003576264,0.00946695898892358,0.009757192005054094,0.010735579999163747,0.010609572986140847,0.010901553992880508,0.0017638479912420735,0.0017459340015193447,0.0017648259963607416,0.08172252599615604,0.08024820298305713,0.08479492699552793,0.728997975527193,4.392663274647349,2,2,100000,,417652736,749142016,597630,760098816,757530624,6.190260820110159e-11,0.011613434170755685
ea50b93f1817b252,621212fd37cb221cc8322c50cc4f5ea663a34064,nearest_features-64-5d37e0896e,nearest_features,nearest,features,64,100000,64,9,,,,8,1,3,3,0.012887796998256817,0.012868243007687852,0.013118104994646274,2.146199403796345e-05,2.0666004274971783e-05,2.9364004149101675e-05,0.0,0.0,0.0,0.0,0.0,0.0,0.028743960996507667,0.02760652000142727,0.03422266700363252,0.0005916759982937947,0.0005838630022481084,0.0006817140092607588,0.042233244006638415,0.041427800999372266,0.04771499300841242,0.03558676000102423,0.035326222990988754,0.03563967099762522,0.0355563499906566,0.03360909300681669,0.03690992899646517,0.0010340509907109663,0.0010309479985153303,0.0010421749902889132,0.009384092001710087,0.009285464999265969,0.009411533988895826,0.010413249998237006,0.010319515989976935,0.010480738987098448,0.0017223400063812733,0.001721720997011289,0.0017351650021737441,0.08318496598803904,0.08113777598191518,0.08469801499450114,0.5077028463618177,2.7603256429427994,4,4,100000,,417652736,749142016,297081,759644160,757530624,2.2067199933620456e-11,0.0010086078551499098
ea50b93f1817b252,621212fd37cb221cc8322c50cc4f5ea663a34064,nearest_scale-100000-95d0e7b632,nearest_scale,nearest,points,100000,100000,1024,9,,,,8,1,3,3,0.01248415200097952,0.011667561004287563,0.012788758001988754,6.611600110772997e-05,6.234900502022356e-05,6.894599937368184e-05,0.0,0.0,0.0,0.0,0.0,0.0,0.06830539098882582,0.06688810100604314,0.0683785379951587,0.0006293850019574165,0.000560950007638894,0.0006459919968619943,0.08066845299617853,0.08000214901403524,0.08187563699902967,0.0413461200078018,0.04079533999902196,0.04138399699877482,0.0315525550104212,0.030317554002976976,0.0353686759917764,0.0012366009905235842,0.0012325480056460947,0.0012397339887684211,0.010614578000968322,0.010537694004597142,0.0107040959992446,0.011847126006614417,0.011774294995120727,0.011925376995350234,0.0017388120031682774,0.0017372110014548525,0.0017578230035724118,0.08644965900748502,0.08469723101006821,0.09039799599850085,0.9331263294999701,5.7655663450097485,2,2,100000,,418603008,749142016,1799826,754962432,759627776,3.460654968354498e-11,0.009350020380548966
ea50b93f1817b252,621212fd37cb221cc8322c50cc4f5ea663a34064,nearest_scale-50000-68c93cd31c,nearest_scale,nearest,points,50000,50000,1024,9,,,,8,1,3,3,0.005677302004187368,0.005326906990376301,0.005766959002357908,6.0295991715975106e-05,5.9031008277088404e-05,6.401399150490761e-05,0.0,0.0,0.0,0.0,0.0,0.0,0.03533127899572719,0.034501970003475435,0.046181555997463875,5.8707009884528816e-05,4.315200203564018e-05,0.00027170700195711106,0.04143024099175818,0.04028643800120335,0.05162620100600179,0.04087765500298701,0.04041414399398491,0.04127160500502214,0.039116486004786566,0.03615758100931998,0.039131711004301906,0.0011874820047523826,0.001170218994957395,0.0011983500007772818,0.010121582003193907,0.010111543000675738,0.010334774997318164,0.01130906400794629,0.011299341000267304,0.011514686993905343,0.0014396040060091764,0.001436771999578923,0.0014837950002402067,0.0927302540076198,0.08932039301726036,0.0934017980034696,0.44678235205042993,3.1241558957400666,4,4,50000,,404537344,749142016,1683800,764084224,755433472,6.351203947932693e-11,0.005489987809407114
ea50b93f1817b252,621212fd37cb221cc8322c50cc4f5ea663a34064,nearest_vertices-129-f2d5a6938f,nearest_vertices,nearest,vertices,129,100000,64,129,,,,8,1,3,3,0.012401793006574735,0.012289427992072888,0.01251391100231558,2.1925996406935155e-05,2.1742001990787685e-05,2.545499592088163e-05,0.0,0.0,0.0,0.0,0.0,0.0,0.18553100200369954,0.1776132619997952,0.18561842599592637,0.0006589159893337637,0.0006431210058508441,0.0006648319977102801,0.198576429989771,0.19081374700181186,0.19861363699601498,0.03669569701014552,0.036514054008875974,0.036880729006952606,0.034227258001919836,0.030477872001938522,0.04809441100223921,0.0010418390011182055,0.0010400700120953843,0.0010483660007594153,0.013207056006649509,0.0131476480019046,0.013270188006572425,0.01425064900831785,0.014183674997184426,0.014289587998064235,0.0018730029987636954,0.0018640240014065057,0.002009092000662349,0.0870399920095224,0.08340630000748206,0.10091376001946628,2.2814389731107307,13.019126489987116,1,1,100000,,417857536,749142016,297081,792788992,757530624,7.541807930371106e-14,1.5796613378701198e-06
ea50b93f1817b252,621212fd37cb221cc8322c50cc4f5ea663a34064,nearest_vertices-2-cc475d32c1,nearest_vertices,nearest,vertices,2,100000,64,2,,,,8,1,3,3,0.01245996700890828,0.0122883630101569,0.012838687005569227,2.1821993868798018e-05,2.0195002434775233e-05,2.5244997232221067e-05,0.0,0.0,0.0,0.0,0.0,0.0,0.02548108500195667,0.02499240900215227,0.02582429800531827,0.0006064540066290647,0.0005838619981659576,0.0008074509969446808,0.03866036899853498,0.03855015900626313,0.03873931002453901,0.034800421010004357,0.033870272993226536,0.034942113008582965,0.033647121003014036,0.030556327998056076,0.03443734000029508,0.0010408859961898997,0.0010383750050095841,0.001053950996720232,0.009153599006822333,0.008979370992165059,0.009261806990252808,0.010191974011831917,0.010015740990638733,0.01031575798697304,0.0017489879974164069,0.001735559999360703,0.0017724339995766059,0.07960558598279022,0.07710804999805987,0.08132041501812637,0.4856489468828593,2.5001128311724052,4,4,100000,,417591296,749142016,297081,754221056,757530624,3.865623772978973e-11,0.00014688787960131497
ea50b93f1817b252,621212fd37cb221cc8322c50cc4f5ea663a34064,nearest_vertices-33-3f4395f219,nearest_vertices,nearest,vertices,33,100000,64,33,,,,8,1,3,3,0.012380380998365581,0.011920129007194191,0.012916826002765447,2.1507992642000318e-05,2.081500133499503e-05,2.2621999960392714e-05,0.0,0.0,0.0,0.0,0.0,0.0,0.05541676400753204,0.05528655700618401,0.060077861009631306,0.0006539440073538572,0.0006359609978972003,0.0007497309998143464,0.06845572800375521,0.06788213801337406,0.0737652330135461,0.036080942998523824,0.03558438901382033,0.03635600699635688,0.03196166400448419,0.03050067400909029,0.036667162989033386,0.00103713599673938,0.0010338040010537952,0.001056041000992991,0.01006718999997247,0.01002044700726401,0.010327856987714767,0.011123231000965461,0.01105758300400339,0.011361660988768563,0.001749831993947737,0.0017268739902647212,0.0017515430081402883,0.08033051001257263,0.07996817398816347,0.08562287999666296,0.8521759415325649,4.9820743633501845,2,2,100000,,417611776,749142016,297081,756215808,757530624,3.218306240659366e-13,1.0533296913799e-05
ea50b93f1817b252,621212fd37cb221cc8322c50cc4f5ea663a34064,nearest_vertices-9-cfe20e77eb,nearest_vertices,nearest,vertices,9,100000,64,9,,,,8,1,3,3,0.012174948991741985,0.011942755998461507,0.012739437006530352,2.21840018639341e-05,1.9695013179443777e-05,2.2227002773433924e-05,0.0,0.0,0.0,0.0,0.0,0.0,0.027479347001644783,0.02747425298730377,0.027545685006771237,0.0007012979913270101,0.0006583310023415834,0.0007541140075773001,0.04032722799456678,0.04026478201558348,0.04094226600136608,0.035461703009787016,0.03519588000199292,0.03556647800724022,0.03133964400331024,0.029854776003048755,0.03328712300572079,0.0010428990062791854,0.0010320009896531701,0.001045508004608564,0.009267700006603263,0.009257819008780643,0.009296310992795043,0.010305064002750441,0.010289819998433813,0.010339209999074228,0.0017220300069311634,0.0017214679974131286,0.0017267970106331632,0.07860153101501055,0.07743310401565395,0.08077535801567137,0.5130590648020009,2.6665867377738257,4,4,100000,,417574912,749142016,297081,748347392,757530624,2.2067199933620456e-11,0.0010086078551499098
ea50b93f1817b252,621212fd37cb221cc8322c50cc4f5ea663a34064,window_scale-100000-5f7d537e38,window_scale,window,points,100000,100000,1024,17,,0.25,0.75,8,1,3,3,0.0,0.0,0.0,0.0,0.0,0.0,0.0,0.0,0.0,0.0,0.0,0.0,4.013300349470228e-05,4.00300050387159e-05,4.099300713278353e-05,0.00047168000310193747,0.00046905199997127056,0.0004733499954454601,0.000512673010234721,0.0005090820050099865,0.0005134829989401624,0.03207905200542882,0.03152995600248687,0.032490194993442856,0.0,0.0,0.0,0.0,0.0,0.0,0.0,0.0,0.0,0.004717179996077903,0.004643854001187719,0.004730638989713043,0.002709103995584883,0.0026531339972279966,0.0027710190042853355,0.039505335997091606,0.03903161399648525,0.03978718299185857,0.012977310464400661,0.008507838057498517,,,25069,,386629632,749142016,,665731072,753336320,0.0,0.0
ea50b93f1817b252,621212fd37cb221cc8322c50cc4f5ea663a34064,window_scale-1000000-b088778f52,window_scale,window,points,1000000,1000000,1024,17,,0.25,0.75,8,1,3,3,0.0,0.0,0.0,0.0,0.0,0.0,0.0,0.0,0.0,0.0,0.0,0.0,0.0008747029933147132,0.000870090996613726,0.0010506550024729222,0.004892858996754512,0.0048822469980223104,0.004895671998383477,0.005767561990069225,0.005765762994997203,0.005932902000495233,0.035353761006263085,0.035217822005506605,0.03623619501013309,0.0,0.0,0.0,0.0,0.0,0.0,0.0,0.0,0.0,0.006285989002208225,0.006258234003325924,0.006540956994285807,0.003959560999646783,0.0036777950008399785,0.0040416980045847595,0.04546337200736161,0.04528979001042899,0.046818850009003654,0.1268617292429457,0.13915121280158715,,,250430,,404652032,749142016,,688435200,784793600,0.0,0.0
ea50b93f1817b252,621212fd37cb221cc8322c50cc4f5ea663a34064,window_scale-10000000-bd7fe9587d,window_scale,window,points,10000000,10000000,1024,17,,0.25,0.75,8,1,3,3,0.0,0.0,0.0,0.0,0.0,0.0,0.0,0.0,0.0,0.0,0.0,0.0,0.01661624301050324,0.016588407990639098,0.017061250997358002,0.0531095960031962,0.0527666949928971,0.05311446500127204,0.06972583901369944,0.0693551029835362,0.07017571599863004,0.10219867400883231,0.10033717499754857,0.10354397199989762,0.0,0.0,0.0,0.0,0.0,0.0,0.0,0.0,0.0,0.016667629999574274,0.016523753001820296,0.016745205997722223,0.005656250999891199,0.005631681997328997,0.005759006002335809,0.1246253100107424,0.12271406299259979,0.12572397600160912,0.5594837758693579,0.9969169588554374,,3,2499251,,545853440,749142016,,1123168256,1088880640,0.0,0.0
ea50b93f1817b252,621212fd37cb221cc8322c50cc4f5ea663a34064,window_scale-100000000-d4ac854e16,window_scale,window,points,100000000,100000000,1024,17,,0.25,0.75,8,1,3,3,0.0,0.0,0.0,0.0,0.0,0.0,0.0,0.0,0.0,0.0,0.0,0.0,0.1914998150023166,0.19095369199931156,0.19212156599678565,0.5385883270064369,0.5347098380007083,0.5422424239950487,0.7300881420087535,0.7268314039974939,0.7331961159943603,0.5365266500011785,0.532849769006134,0.5568152150081005,0.0,0.0,0.0,0.0,0.0,0.0,0.0,0.0,0.0,0.13352885899075773,0.13339997000002768,0.1342133979924256,0.031439304002560675,0.031424764994881116,0.03154970500327181,0.7021793519961648,0.6979283330001635,0.7216399500030093,1.0397459565469267,1.4341455206740843,10,1,24996692,,1986322432,749142016,,4424798208,4058447872,0.0,0.0
ea50b93f1817b252,621212fd37cb221cc8322c50cc4f5ea663a34064,window_scale-50000000-74c0f31ae2,window_scale,window,points,50000000,50000000,1024,17,,0.25,0.75,8,1,3,3,0.0,0.0,0.0,0.0,0.0,0.0,0.0,0.0,0.0,0.0,0.0,0.0,0.09758434700779617,0.09706262999679893,0.09770042699528858,0.2688494169997284,0.2683722669898998,0.2689560519938823,0.36595661399769597,0.36591204699652735,0.36665647898917086,0.3024401860020589,0.2991125390108209,0.3024747669987846,0.0,0.0,0.0,0.0,0.0,0.0,0.0,0.0,0.0,0.0684581350069493,0.06842036699526943,0.06865245600056369,0.016433654993306845,0.016374197002733126,0.016441940009826794,0.38723475000006147,0.38419865000469144,0.3873748420155607,0.9450510678538997,1.4254602027631955,11,2,12498934,,1187119104,749142016,,2541613056,2407989248,0.0,0.0
