dataset,dataset_id,rows,dimensions,algorithm,batch_size,params,tuning_target_recalls,replications,build_seconds_median,corpus_bytes,index_bytes_median,device_memory_after_build_bytes_median,device_memory_search_max_bytes_median,search_memory_telemetry_replications,recall_at_10_median,recall_at_10_min,latency_ms_per_batch_median,latency_ms_per_query_median,queries_per_second_median,confirmed_target_recalls,break_even_status,break_even_queries,break_even_seconds_at_1_qps,break_even_seconds_at_10_qps,break_even_seconds_at_100_qps,break_even_seconds_at_1000_qps
scale-100k-d128,vectors-1bc415e21f09,100000,128,brute_force,1,{},1.00,3,0.022285587998339906,51200128,51601186,299106304,801570816,3,1.0,1.0,0.42958700214512646,0.42958700214512646,2327.817170925884,1.00,reference,0.0,0.0,0.0,0.0,0.0
scale-100k-d128,vectors-1bc415e21f09,100000,128,cagra,1,"{""itopk_size"":512,""search_width"":16}",0.90;0.95;0.99,3,0.5476557900037733,51200128,76801848,531890176,1067909120,3,1.0,1.0,0.24853200011420995,0.24853200011420995,4023.6267343459263,0.90;0.95;0.99,finite,3024.803423604154,3024.803423604154,302.4803423604154,30.24803423604154,3.024803423604154
scale-100k-d128,vectors-1bc415e21f09,100000,128,ivf_flat,1,"{""n_probes"":128}",0.80;0.90;0.95;0.99,3,0.11866174700116972,51200128,54232735,565444608,1067909120,3,0.9,0.8,0.12556299770949408,0.12556299770949408,7964.1297057404345,0.80,finite,390.3038749241021,390.3038749241021,39.03038749241021,3.9030387492410212,0.3903038749241021
scale-100k-d128,vectors-1bc415e21f09,100000,128,brute_force,32,{},1.00,3,0.022285587998339906,51200128,51601186,299106304,801570816,3,1.0,1.0,0.47102499956963584,0.01471953123655112,67936.9460840457,1.00,reference,0.0,0.0,0.0,0.0,0.0
scale-100k-d128,vectors-1bc415e21f09,100000,128,cagra,32,"{""itopk_size"":32,""search_width"":16}",0.99,3,0.5476557900037733,51200128,76801848,531890176,1067909120,3,0.99375,0.99375,0.6086299981689081,0.019019687442778377,52577.099545328856,0.99,ann-not-faster,,,,,
scale-100k-d128,vectors-1bc415e21f09,100000,128,cagra,32,"{""itopk_size"":32,""search_width"":4}",0.90,3,0.5476557900037733,51200128,76801848,531890176,1067909120,3,0.940625,0.9375,0.2641929968376644,0.008256031151177012,121123.5739895962,0.90,finite,84730.53032721898,84730.53032721898,8473.053032721898,847.3053032721898,84.73053032721897
scale-100k-d128,vectors-1bc415e21f09,100000,128,cagra,32,"{""itopk_size"":64,""search_width"":2}",0.80,3,0.5476557900037733,51200128,76801848,531890176,1067909120,3,0.91875,0.909375,0.23817699548089877,0.0074430311087780865,134353.86543267703,0.80,finite,75263.62679682697,75263.62679682697,7526.362679682697,752.6362679682696,75.26362679682697
scale-100k-d128,vectors-1bc415e21f09,100000,128,cagra,32,"{""itopk_size"":64,""search_width"":8}",0.95,3,0.5476557900037733,51200128,76801848,531890176,1067909120,3,0.984375,0.975,0.3653209932963364,0.011416281040510512,87594.19958667048,0.95,finite,165793.00915813548,165793.00915813548,16579.300915813546,1657.9300915813549,165.79300915813548
scale-100k-d128,vectors-1bc415e21f09,100000,128,ivf_flat,32,"{""n_probes"":128}",0.80;0.90,3,0.11866174700116972,51200128,54232735,565444608,1067909120,3,0.928125,0.903125,0.5159740030649118,0.016124187595778494,62018.6284772457,0.80;0.90,ann-not-faster,,,,,
scale-100k-d128,vectors-1bc415e21f09,100000,128,ivf_flat,32,"{""n_probes"":256}",0.95;0.99,3,0.11866174700116972,51200128,54232735,565444608,1067909120,2,1.0,1.0,1.039650000166148,0.03248906250519212,30779.58927993655,0.95;0.99,ann-not-faster,,,,,
scale-100k-d128,vectors-1bc415e21f09,100000,128,ivf_pq_balanced,32,"{""n_probes"":128}",0.80,3,0.8466377799995826,51200128,8023209,506724352,1011286016,3,0.834375,0.825,1.1181329973624088,0.034941656167575275,28619.135715952914,0.80,ann-not-faster,,,,,
scale-100k-d128,vectors-1bc415e21f09,100000,128,brute_force,256,{},1.00,3,0.022285587998339906,51200128,51601186,299106304,801570816,3,1.0,1.0,2.244098999653943,0.008766011717398214,114076.96364531027,1.00,reference,0.0,0.0,0.0,0.0,0.0
scale-100k-d128,vectors-1bc415e21f09,100000,128,cagra,256,"{""itopk_size"":128,""search_width"":16}",0.95,3,0.5476557900037733,51200128,76801848,531890176,1067909120,3,0.96171875,0.9609375,1.1573640003916807,0.004520953126530003,221192.29552099705,0.95,finite,129010.18402475458,129010.18402475458,12901.018402475458,1290.1018402475459,129.01018402475458
scale-100k-d128,vectors-1bc415e21f09,100000,128,cagra,256,"{""itopk_size"":32,""search_width"":2}",0.80,3,0.5476557900037733,51200128,76801848,531890176,1067909120,3,0.86953125,0.866796875,0.29824100056430325,0.0011650039084543096,858366.2189827057,0.80,finite,72050.41801948436,72050.41801948436,7205.041801948437,720.5041801948437,72.05041801948437
scale-100k-d128,vectors-1bc415e21f09,100000,128,cagra,256,"{""itopk_size"":64,""search_width"":2}",0.90,3,0.5476557900037733,51200128,76801848,531890176,1067909120,3,0.930078125,0.92890625,0.5378050045692362,0.002100800799098579,476008.9583120325,0.90,finite,82166.31052142098,82166.31052142098,8216.631052142098,821.6631052142097,82.16631052142098
scale-100k-d128,vectors-1bc415e21f09,100000,128,ivf_flat,256,"{""n_probes"":128}",0.80;0.90,3,0.11866174700116972,51200128,54232735,565444608,565444608,0,0.93359375,0.921875,4.039246996399015,0.015778308579683653,63378.14949871195,0.80;0.90,ann-not-faster,,,,,
scale-100k-d128,vectors-1bc415e21f09,100000,128,ivf_flat,256,"{""n_probes"":256}",0.95;0.99,3,0.11866174700116972,51200128,54232735,565444608,1067909120,3,1.0,1.0,7.85262200224679,0.030674304696276522,32600.575951160437,0.95;0.99,ann-not-faster,,,,,
scale-100k-d128,vectors-1bc415e21f09,100000,128,ivf_pq_balanced,256,"{""n_probes"":128}",0.80,3,0.8466377799995826,51200128,8023209,506724352,1011286016,3,0.8609375,0.86015625,8.362704997125547,0.03266681639502167,30612.104586732767,0.80,ann-not-faster,,,,,
scale-100k-d128,vectors-1bc415e21f09,100000,128,brute_force,1024,{},1.00,3,0.022285587998339906,51200128,51601186,299106304,801570816,3,1.0,1.0,7.209736999357119,0.007040758788434687,142030.14618859306,1.00,reference,0.0,0.0,0.0,0.0,0.0
scale-100k-d128,vectors-1bc415e21f09,100000,128,cagra,1024,"{""itopk_size"":256,""search_width"":4}",0.95,3,0.5476557900037733,51200128,76801848,531890176,1067909120,3,0.98232421875,0.981640625,7.665771001484245,0.007486104493636958,133580.82309029755,0.95,ann-not-faster,,,,,
scale-100k-d128,vectors-1bc415e21f09,100000,128,cagra,1024,"{""itopk_size"":32,""search_width"":1}",0.80,3,0.5476557900037733,51200128,76801848,531890176,1067909120,2,0.88857421875,0.878515625,1.0285190001013689,0.001004413086036493,995606.3037231948,0.80,finite,90726.37933678878,90726.37933678878,9072.637933678878,907.2637933678878,90.72637933678878
scale-100k-d128,vectors-1bc415e21f09,100000,128,cagra,1024,"{""itopk_size"":64,""search_width"":2}",0.90,3,0.5476557900037733,51200128,76801848,531890176,531890176,1,0.93515625,0.93349609375,2.0073949999641627,0.0019603466796525026,510113.85403385037,0.90,finite,107797.51293346375,107797.51293346375,10779.751293346375,1077.9751293346374,107.79751293346375
scale-100k-d128,vectors-1bc415e21f09,100000,128,ivf_flat,1024,"{""n_probes"":128}",0.80;0.90,3,0.11866174700116972,51200128,54232735,565444608,1067909120,3,0.93369140625,0.92900390625,14.617793000070378,0.014275188476631229,70051.61449440896,0.80;0.90,ann-not-faster,,,,,
scale-100k-d128,vectors-1bc415e21f09,100000,128,ivf_flat,1024,"{""n_probes"":256}",0.95;0.99,3,0.11866174700116972,51200128,54232735,565444608,1067909120,3,1.0,1.0,29.37570700305514,0.028687213870171036,34858.735481447366,0.95;0.99,ann-not-faster,,,,,
scale-100k-d128,vectors-1bc415e21f09,100000,128,ivf_pq_balanced,1024,"{""n_probes"":128}",0.80,3,0.8466377799995826,51200128,8023209,506724352,1011286016,3,0.8650390625,0.8615234375,33.23617499700049,0.03245720214550829,30809.80287570439,0.80,ann-not-faster,,,,,
scale-1m-d128,vectors-0b0f776cb33e,1000000,128,brute_force,1,{},1.00,3,0.024398552006459795,512000128,516001186,764674048,1267138560,2,1.0,1.0,1.7016479978337884,1.7016479978337884,587.6656049153573,1.00,reference,0.0,0.0,0.0,0.0,0.0
scale-1m-d128,vectors-0b0f776cb33e,1000000,128,ivf_flat,1,"{""n_probes"":1024}",0.90;0.95;0.99,3,0.39528771600453183,512000128,528959391,1733558272,2236022784,3,1.0,1.0,1.354187996184919,1.354187996184919,738.4499071157373,0.90;0.95;0.99,finite,1137.6495542758773,1137.6495542758773,113.76495542758774,11.376495542758773,1.1376495542758773
scale-1m-d128,vectors-0b0f776cb33e,1000000,128,brute_force,32,{},1.00,3,0.024398552006459795,512000128,516001186,764674048,1267138560,3,1.0,1.0,3.7504389983951114,0.11720121869984723,8532.334485027872,1.00,reference,0.0,0.0,0.0,0.0,0.0
scale-1m-d128,vectors-0b0f776cb33e,1000000,128,cagra,32,"{""itopk_size"":32,""search_width"":2}",0.80,3,2.8320619579972117,512000128,768001848,1221853184,1757872128,3,0.903125,0.8625,0.36440999974729493,0.011387812492102967,87813.17752583858,0.80,finite,26764.680010744603,26764.680010744603,2676.4680010744605,267.64680010744604,26.764680010744602
scale-1m-d128,vectors-0b0f776cb33e,1000000,128,cagra,32,"{""itopk_size"":32,""search_width"":4}",0.90,3,2.8320619579972117,512000128,768001848,1221853184,1757872128,3,0.940625,0.934375,0.4562399990390986,0.014257499969971832,70138.5237317995,0.90,finite,27510.779607919063,27510.779607919063,2751.077960791906,275.1077960791906,27.510779607919062
scale-1m-d128,vectors-0b0f776cb33e,1000000,128,ivf_flat,32,"{""n_probes"":1024}",0.95;0.99,3,0.39528771600453183,512000128,528959391,1733558272,2236022784,3,1.0,1.0,10.17203399533173,0.3178760623541166,3145.8801666103177,0.95;0.99,ann-not-faster,,,,,
scale-1m-d128,vectors-0b0f776cb33e,1000000,128,ivf_flat,32,"{""n_probes"":256}",0.90,3,0.39528771600453183,512000128,528959391,1733558272,2236022784,3,0.94375,0.9375,9.586257998307701,0.29957056244711566,3338.111701734825,0.90,ann-not-faster,,,,,
scale-1m-d128,vectors-0b0f776cb33e,1000000,128,ivf_flat,32,"{""n_probes"":64}",0.80,3,0.39528771600453183,512000128,528959391,1733558272,1733558272,1,0.815625,0.80625,2.4106359996949323,0.07533237499046663,13274.505153017553,0.80,finite,9441.094641836711,9441.094641836711,944.1094641836711,94.41094641836712,9.441094641836711
scale-1m-d128,vectors-0b0f776cb33e,1000000,128,ivf_pq_balanced,32,"{""n_probes"":512}",0.80,3,1.5708783290028805,512000128,74711465,1033109504,1537671168,3,0.865625,0.81875,4.637044999981299,0.1449076562494156,6900.946615814393,0.80,ann-not-faster,,,,,
scale-1m-d128,vectors-0b0f776cb33e,1000000,128,brute_force,256,{},1.00,3,0.024398552006459795,512000128,516001186,764674048,1267138560,3,1.0,1.0,24.393560001044534,0.09528734375408021,10494.573157384082,1.00,reference,0.0,0.0,0.0,0.0,0.0
scale-1m-d128,vectors-0b0f776cb33e,1000000,128,cagra,256,"{""itopk_size"":128,""search_width"":2}",0.95,3,2.8320619579972117,512000128,768001848,1221853184,1757872128,3,0.98125,0.98046875,2.130457003659103,0.008322097670543371,120162.01198161466,0.95,finite,32565.445227128977,32565.445227128977,3256.5445227128976,325.65445227128976,32.565445227128976
scale-1m-d128,vectors-0b0f776cb33e,1000000,128,cagra,256,"{""itopk_size"":32,""search_width"":1}",0.80,3,2.8320619579972117,512000128,768001848,1221853184,1757872128,3,0.812109375,0.808203125,0.6291940007940866,0.002457789065601901,406869.7407745627,0.80,finite,30508.192864882047,30508.192864882047,3050.819286488205,305.08192864882045,30.508192864882048
scale-1m-d128,vectors-0b0f776cb33e,1000000,128,cagra,256,"{""itopk_size"":64,""search_width"":2}",0.90,3,2.8320619579972117,512000128,768001848,1221853184,1757872128,3,0.94921875,0.94609375,1.1446889984654263,0.004471441400255571,223641.53088148346,0.90,finite,31184.648113315165,31184.648113315165,3118.4648113315166,311.84648113315166,31.184648113315166
scale-1m-d128,vectors-0b0f776cb33e,1000000,128,ivf_flat,256,"{""n_probes"":1024}",0.90;0.95;0.99,3,0.39528771600453183,512000128,528959391,1733558272,2236022784,3,1.0,1.0,70.69061400397914,0.2761352109530435,3621.414293920122,0.90;0.95;0.99,ann-not-faster,,,,,
scale-1m-d128,vectors-0b0f776cb33e,1000000,128,ivf_flat,256,"{""n_probes"":64}",0.80,3,0.39528771600453183,512000128,528959391,1733558272,2236022784,3,0.821484375,0.814453125,19.045000000915024,0.07439453125357431,13441.848253489125,0.80,finite,18919.794354874928,18919.794354874928,1891.9794354874928,189.1979435487493,18.919794354874927
scale-1m-d128,vectors-0b0f776cb33e,1000000,128,ivf_pq_balanced,256,"{""n_probes"":256}",0.80,3,1.5708783290028805,512000128,74711465,1033109504,1537671168,3,0.82578125,0.820703125,19.47024399851216,0.07605564061918813,13148.268712994173,0.80,finite,81681.70639826669,81681.70639826669,8168.170639826669,816.8170639826669,81.68170639826668
scale-1m-d128,vectors-0b0f776cb33e,1000000,128,brute_force,1024,{},1.00,3,0.024398552006459795,512000128,516001186,764674048,1267138560,3,1.0,1.0,77.78100400173571,0.07595801172044503,13165.168194243792,1.00,reference,0.0,0.0,0.0,0.0,0.0
scale-1m-d128,vectors-0b0f776cb33e,1000000,128,cagra,1024,"{""itopk_size"":128,""search_width"":1}",0.95,3,2.8320619579972117,512000128,768001848,1221853184,1757872128,3,0.986328125,0.98623046875,8.28258199908305,0.00808845898347954,123632.94442643192,0.95,finite,41728.01858549327,41728.01858549327,4172.801858549327,417.2801858549327,41.728018585493274
scale-1m-d128,vectors-0b0f776cb33e,1000000,128,cagra,1024,"{""itopk_size"":32,""search_width"":1}",0.80,3,2.8320619579972117,512000128,768001848,1221853184,1757872128,2,0.8224609375,0.82021484375,2.409733999229502,0.0023532558586225605,424943.16813698853,0.80,finite,38476.616420191865,38476.616420191865,3847.6616420191867,384.7661642019186,38.47661642019187
scale-1m-d128,vectors-0b0f776cb33e,1000000,128,cagra,1024,"{""itopk_size"":64,""search_width"":1}",0.90,3,2.8320619579972117,512000128,768001848,1221853184,1757872128,2,0.9541015625,0.951171875,4.452998997294344,0.004348631833295258,229957.38391636414,0.90,finite,39548.75691508986,39548.75691508986,3954.875691508986,395.48756915089865,39.54875691508986
scale-1m-d128,vectors-0b0f776cb33e,1000000,128,ivf_flat,1024,"{""n_probes"":1024}",0.90;0.95;0.99,3,0.39528771600453183,512000128,528959391,1733558272,2236022784,3,1.0,1.0,286.9367270031944,0.280211647464057,3568.7310254591425,0.90;0.95;0.99,ann-not-faster,,,,,
scale-1m-d128,vectors-0b0f776cb33e,1000000,128,ivf_flat,1024,"{""n_probes"":64}",0.80,3,0.39528771600453183,512000128,528959391,1733558272,2236022784,3,0.83046875,0.8287109375,75.63975499942899,0.07386694824162987,13537.854531756882,0.80,finite,189036.6887515583,189036.6887515583,18903.668875155832,1890.3668875155831,189.0366887515583
scale-1m-d128,vectors-0b0f776cb33e,1000000,128,ivf_pq_balanced,1024,"{""n_probes"":256}",0.80,3,1.5708783290028805,512000128,74711465,1033109504,1537671168,3,0.826953125,0.82607421875,77.22689600632293,0.07541689063117474,13259.629131231175,0.80,finite,2903007.0351189426,2903007.0351189426,290300.7035118943,29030.070351189424,2903.0070351189424
dimension-1m-d384,vectors-c6e6c094c586,1000000,384,brute_force,1,{},1.00,3,0.026722316004452296,1536000128,1540001186,1792278528,2294743040,3,1.0,1.0,4.554389000986703,4.554389000986703,219.56842065606412,1.00,reference,0.0,0.0,0.0,0.0,0.0
dimension-1m-d384,vectors-c6e6c094c586,1000000,384,ivf_flat,1,"{""n_probes"":1024}",0.80;0.90;0.95;0.99,3,0.5509596589981811,1536000128,1570457503,4621336576,5123801088,3,1.0,1.0,3.8311420066747814,3.8311420066747814,261.0187767140338,0.80;0.90;0.95;0.99,finite,761.7863099760962,761.7863099760962,76.17863099760962,7.617863099760962,0.7617863099760962
dimension-1m-d384,vectors-c6e6c094c586,1000000,384,brute_force,32,{},1.00,3,0.026722316004452296,1536000128,1540001186,1792278528,2294743040,3,1.0,1.0,11.279107005975675,0.35247209393673984,2837.1040351905863,1.00,reference,0.0,0.0,0.0,0.0,0.0
dimension-1m-d384,vectors-c6e6c094c586,1000000,384,ivf_flat,32,"{""n_probes"":1024}",0.80;0.90;0.95;0.99,3,0.5509596589981811,1536000128,1570457503,4621336576,5123801088,3,1.0,1.0,30.130981998809148,0.9415931874627859,1062.029773913931,0.80;0.90;0.95;0.99,ann-not-faster,,,,,
dimension-1m-d384,vectors-c6e6c094c586,1000000,384,brute_force,256,{},1.00,3,0.026722316004452296,1536000128,1540001186,1792278528,2294743040,3,1.0,1.0,71.89833099982934,0.28085285546808336,3560.583346512002,1.00,reference,0.0,0.0,0.0,0.0,0.0
dimension-1m-d384,vectors-c6e6c094c586,1000000,384,ivf_flat,256,"{""n_probes"":1024}",0.80;0.90;0.95;0.99,3,0.5509596589981811,1536000128,1570457503,4621336576,5123801088,3,1.0,1.0,219.3124550030916,0.8566892773558266,1167.2843660265041,0.80;0.90;0.95;0.99,ann-not-faster,,,,,
dimension-1m-d384,vectors-c6e6c094c586,1000000,384,brute_force,1024,{},1.00,3,0.026722316004452296,1536000128,1540001186,1792278528,2294743040,3,1.0,1.0,246.2507390009705,0.24047923730563525,4158.363155190224,1.00,reference,0.0,0.0,0.0,0.0,0.0
dimension-1m-d384,vectors-c6e6c094c586,1000000,384,ivf_flat,1024,"{""n_probes"":1024}",0.80;0.90;0.95;0.99,3,0.5509596589981811,1536000128,1570457503,4621336576,5123801088,3,1.0,1.0,979.7172830003547,0.9567551591800338,1045.1994853699332,0.80;0.90;0.95;0.99,ann-not-faster,,,,,
dimension-1m-d768,vectors-57bc1e594ecb,1000000,768,brute_force,1,{},1.00,3,0.02951537699846085,3072000128,3076001186,3333685248,3838246912,3,1.0,1.0,8.89947800169466,8.89947800169466,112.36614100395299,1.00,reference,0.0,0.0,0.0,0.0,0.0
dimension-1m-d768,vectors-57bc1e594ecb,1000000,768,ivf_flat,1,"{""n_probes"":1024}",0.80;0.90;0.95;0.99,3,0.850746745003562,3072000128,3131918239,8014528512,8516993024,3,1.0,1.0,7.576913994853385,7.576913994853385,131.97985362896418,0.80;0.90;0.95;0.99,finite,643.2556311852377,643.2556311852377,64.32556311852377,6.432556311852377,0.6432556311852377
dimension-1m-d768,vectors-57bc1e594ecb,1000000,768,brute_force,32,{},1.00,3,0.02951537699846085,3072000128,3076001186,3333685248,3838246912,3,1.0,1.0,22.54002900008345,0.7043759062526078,1419.6964875192275,1.00,reference,0.0,0.0,0.0,0.0,0.0
dimension-1m-d768,vectors-57bc1e594ecb,1000000,768,ivf_flat,32,"{""n_probes"":1024}",0.80;0.90;0.95;0.99,3,0.850746745003562,3072000128,3131918239,8014528512,8516993024,3,1.0,1.0,102.15009300009115,3.1921904062528483,313.2645214524812,0.80;0.90;0.95;0.99,ann-not-faster,,,,,
dimension-1m-d768,vectors-57bc1e594ecb,1000000,768,brute_force,256,{},1.00,3,0.02951537699846085,3072000128,3076001186,3333685248,3838246912,3,1.0,1.0,148.89047400356503,0.5816034140764259,1719.38468000223,1.00,reference,0.0,0.0,0.0,0.0,0.0
dimension-1m-d768,vectors-57bc1e594ecb,1000000,768,ivf_flat,256,"{""n_probes"":1024}",0.80;0.90;0.95;0.99,3,0.850746745003562,3072000128,3131918239,8014528512,8508604416,2,1.0,1.0,720.7312949976767,2.8153566210846748,355.19478864980493,0.80;0.90;0.95;0.99,ann-not-faster,,,,,
dimension-1m-d768,vectors-57bc1e594ecb,1000000,768,brute_force,1024,{},1.00,3,0.02951537699846085,3072000128,3076001186,3333685248,3333685248,1,1.0,1.0,505.13709699589526,0.49329794628505397,2027.172437126155,1.00,reference,0.0,0.0,0.0,0.0,0.0
dimension-1m-d768,vectors-57bc1e594ecb,1000000,768,ivf_flat,1024,"{""n_probes"":1024}",0.80;0.90;0.95;0.99,3,0.850746745003562,3072000128,3131918239,8014528512,8516993024,3,1.0,1.0,2848.1105550017674,2.7813579638689134,359.53660513693245,0.80;0.90;0.95;0.99,ann-not-faster,,,,,
scale-5m-d128,vectors-1317ee076d5d,5000000,128,brute_force,1,{},1.00,3,0.029561173003457952,2560000128,2580001186,2836660224,3339124736,3,1.0,1.0,7.255976001033559,7.255976001033559,137.81743487816905,1.00,reference,0.0,0.0,0.0,0.0,0.0
scale-5m-d128,vectors-1317ee076d5d,5000000,128,brute_force,32,{},1.00,3,0.029561173003457952,2560000128,2580001186,2836660224,3339124736,3,1.0,1.0,18.500100006349385,0.5781281251984183,1729.7203792961843,1.00,reference,0.0,0.0,0.0,0.0,0.0
scale-5m-d128,vectors-1317ee076d5d,5000000,128,cagra,32,"{""itopk_size"":32,""search_width"":8}",0.80;0.90,3,17.962704958998074,2560000128,3840001848,4298375168,4834394112,3,0.975,0.953125,0.6098650046624243,0.01905828139570076,52470.628344567514,0.80;0.90,finite,32129.62594587142,32129.62594587142,3212.962594587142,321.2962594587142,32.12962594587142
scale-5m-d128,vectors-1317ee076d5d,5000000,128,cagra,32,"{""itopk_size"":512,""search_width"":16}",0.95,3,17.962704958998074,2560000128,3840001848,4298375168,4834394112,3,0.96875,0.96875,1.182209001854062,0.03694403130793944,27067.971864377872,0.95,finite,33191.48726243467,33191.48726243467,3319.1487262434666,331.9148726243467,33.19148726243467
scale-5m-d128,vectors-1317ee076d5d,5000000,128,ivf_flat,32,"{""n_probes"":2048}",0.99,3,1.839251069999591,2560000128,2618195871,6697517056,7199981568,3,1.0,1.0,52.10105900187045,1.6281580938084517,614.1909706451684,0.99,ann-not-faster,,,,,
scale-5m-d128,vectors-1317ee076d5d,5000000,128,ivf_flat,32,"{""n_probes"":256}",0.90,3,1.839251069999591,2560000128,2618195871,6697517056,7199981568,3,0.975,0.971875,29.782821002299897,0.9307131563218718,1074.4448955164082,0.90,ann-not-faster,,,,,
scale-5m-d128,vectors-1317ee076d5d,5000000,128,ivf_flat,32,"{""n_probes"":32}",0.80,3,1.839251069999591,2560000128,2618195871,6697517056,6714294272,1,0.9,0.85,3.5358800014364533,0.11049625004488917,9050.08088142131,0.80,finite,3933.117410774753,3933.117410774753,393.3117410774753,39.33117410774753,3.933117410774753
scale-5m-d128,vectors-1317ee076d5d,5000000,128,ivf_flat,32,"{""n_probes"":512}",0.95,3,1.839251069999591,2560000128,2618195871,6697517056,7199981568,3,0.990625,0.990625,51.879811006074306,1.621244093939822,616.8102654856107,0.95,ann-not-faster,,,,,
scale-5m-d128,vectors-1317ee076d5d,5000000,128,brute_force,256,{},1.00,3,0.029561173003457952,2560000128,2580001186,2836660224,3339124736,3,1.0,1.0,119.97529200016288,0.46865348437563625,2133.772677124657,1.00,reference,0.0,0.0,0.0,0.0,0.0
scale-5m-d128,vectors-1317ee076d5d,5000000,128,cagra,256,"{""itopk_size"":128,""search_width"":4}",0.90,3,17.962704958998074,2560000128,3840001848,4298375168,4834394112,3,0.928125,0.904296875,2.0632140003726818,0.008059429688955788,124078.2584616808,0.90,finite,38998.99439912923,38998.99439912923,3899.8994399129233,389.9899439912923,38.99899439912923
scale-5m-d128,vectors-1317ee076d5d,5000000,128,cagra,256,"{""itopk_size"":256,""search_width"":16}",0.95,3,17.962704958998074,2560000128,3840001848,4298375168,4834394112,3,0.991015625,0.990625,3.3525070030009374,0.013095730480472412,76360.76517389706,0.95,finite,39430.13768377605,39430.13768377605,3943.0137683776047,394.3013768377605,39.430137683776046
scale-5m-d128,vectors-1317ee076d5d,5000000,128,cagra,256,"{""itopk_size"":64,""search_width"":16}",0.80,3,17.962704958998074,2560000128,3840001848,4298375168,4834394112,3,0.8703125,0.84609375,1.6059319968917407,0.006273171862858362,159408.99147378872,0.80,finite,38848.33431030149,38848.33431030149,3884.8334310301493,388.48334310301493,38.84833431030149
scale-5m-d128,vectors-1317ee076d5d,5000000,128,ivf_flat,256,"{""n_probes"":2048}",0.99,3,1.839251069999591,2560000128,2618195871,6697517056,7202078720,3,1.0,1.0,427.5446070023463,1.6700961211029153,598.7679315964219,0.99,ann-not-faster,,,,,
scale-5m-d128,vectors-1317ee076d5d,5000000,128,ivf_flat,256,"{""n_probes"":256}",0.95,3,1.839251069999591,2560000128,2618195871,6697517056,7202078720,3,0.977734375,0.973828125,234.3350629962515,0.9153713398291075,1092.4528183138136,0.95,ann-not-faster,,,,,
scale-5m-d128,vectors-1317ee076d5d,5000000,128,ivf_flat,256,"{""n_probes"":32}",0.90,3,1.839251069999591,2560000128,2618195871,6697517056,7199981568,3,0.91640625,0.91015625,29.729548004979733,0.11613104689445208,8610.96172592734,0.90,finite,5217.401431640109,5217.401431640109,521.7401431640109,52.17401431640109,5.217401431640109
scale-5m-d128,vectors-1317ee076d5d,5000000,128,ivf_flat,256,"{""n_probes"":4}",0.80,3,1.839251069999591,2560000128,2618195871,6697517056,7199981568,3,0.85703125,0.848828125,3.6133050016360357,0.014114472662640765,70849.26400735285,0.80,finite,4046.409708746691,4046.409708746691,404.6409708746691,40.46409708746691,4.046409708746691
scale-5m-d128,vectors-1317ee076d5d,5000000,128,ivf_pq_balanced,256,"{""n_probes"":512}",0.80,3,3.610281881999981,2560000128,365238697,3371433984,3875995648,3,0.823046875,0.82265625,52.83574100030819,0.20638961328245387,4845.205066746518,0.80,finite,13765.837692212082,13765.837692212082,1376.5837692212083,137.65837692212082,13.765837692212083
scale-5m-d128,vectors-1317ee076d5d,5000000,128,brute_force,1024,{},1.00,3,0.029561173003457952,2560000128,2580001186,2836660224,3339124736,3,1.0,1.0,413.60803000134183,0.4039140917981854,2475.773983393596,1.00,reference,0.0,0.0,0.0,0.0,0.0
scale-5m-d128,vectors-1317ee076d5d,5000000,128,cagra,1024,"{""itopk_size"":128,""search_width"":8}",0.90,3,17.962704958998074,2560000128,3840001848,4298375168,4834394112,3,0.93056640625,0.93037109375,8.384139000554569,0.008187635742729071,122135.37966537381,0.90,finite,45391.721185507035,45391.721185507035,4539.172118550703,453.9172118550703,45.39172118550704
scale-5m-d128,vectors-1317ee076d5d,5000000,128,cagra,1024,"{""itopk_size"":256,""search_width"":16}",0.95,3,17.962704958998074,2560000128,3840001848,4298375168,4834394112,3,0.99111328125,0.98837890625,12.648316005652305,0.012351871099269829,80959.39408395496,0.95,finite,45874.45879466028,45874.45879466028,4587.445879466028,458.7445879466028,45.87445879466028
scale-5m-d128,vectors-1317ee076d5d,5000000,128,cagra,1024,"{""itopk_size"":64,""search_width"":8}",0.80,3,17.962704958998074,2560000128,3840001848,4298375168,4834394112,3,0.8232421875,0.8138671875,5.40559599903645,0.005278902342809033,189433.3206148829,0.80,finite,45060.5100456362,45060.5100456362,4506.05100456362,450.605100456362,45.0605100456362
scale-5m-d128,vectors-1317ee076d5d,5000000,128,ivf_flat,1024,"{""n_probes"":2048}",0.99,3,1.839251069999591,2560000128,2618195871,6697517056,7202078720,3,1.0,1.0,1936.1956830034615,1.8908160966830678,528.8721635881105,0.99,ann-not-faster,,,,,
scale-5m-d128,vectors-1317ee076d5d,5000000,128,ivf_flat,1024,"{""n_probes"":256}",0.95,3,1.839251069999591,2560000128,2618195871,6697517056,7202078720,3,0.98056640625,0.978125,936.6119729966158,0.9146601298795076,1093.3022740717195,0.95,ann-not-faster,,,,,
scale-5m-d128,vectors-1317ee076d5d,5000000,128,ivf_flat,1024,"{""n_probes"":2}",0.80,3,1.839251069999591,2560000128,2618195871,6697517056,7202078720,3,0.8509765625,0.84287109375,7.224989996757358,0.007055654293708358,141730.3000363434,0.80,finite,4634.526814057826,4634.526814057826,463.45268140578264,46.34526814057826,4.634526814057827
scale-5m-d128,vectors-1317ee076d5d,5000000,128,ivf_flat,1024,"{""n_probes"":64}",0.90,3,1.839251069999591,2560000128,2618195871,6697517056,7202078720,3,0.94267578125,0.93857421875,236.94949899800122,0.23139599511523556,4321.5959701549655,0.90,finite,10661.206594341975,10661.206594341975,1066.1206594341975,106.61206594341975,10.661206594341975
scale-5m-d128,vectors-1317ee076d5d,5000000,128,ivf_pq_balanced,1024,"{""n_probes"":512}",0.80,3,3.610281881999981,2560000128,365238697,3371433984,3875995648,3,0.82236328125,0.82138671875,208.89749400521396,0.20400145898946676,4901.925726186268,0.80,finite,18059.298360871413,18059.298360871413,1805.9298360871412,180.59298360871412,18.059298360871413
