run_id,profile,repetition,phase,step_order,workload,rows_in,rows_out,input_bytes,output_bytes,elapsed_ms,rows_per_second,peak_rss_bytes,snapshot_before,snapshot_after,correctness,details_json
85e7b5f3-3f42-4845-b3f8-3b40a66f7910,large,1,measured,1,generate_sources,0,158000000,0,19294901972,137676.052,1147621.52,144871424,423,423,True,"{""changes"":2500000,""customers"":5000000,""events"":100000000,""orders"":50000000,""products"":500000,""seed"":20260901}"
85e7b5f3-3f42-4845-b3f8-3b40a66f7910,large,1,measured,2,ingest_batch,55500000,55500000,1265628741,7635209631,6648.507,8347739.45,276594688,423,426,True,"{""customers"":5000000,""managed_files"":26,""orders"":50000000,""products"":500000}"
85e7b5f3-3f42-4845-b3f8-3b40a66f7910,large,1,measured,3,prepare_and_model,50000000,49999000,0,7536041938,22502.729,2221952.68,3509198848,426,432,True,"{""accepted"":49999000,""daily_rows"":1800,""managed_files"":24,""quarantined"":1000}"
85e7b5f3-3f42-4845-b3f8-3b40a66f7910,large,1,measured,4,apply_incremental,2500000,51249050,189300928,7634850797,18342.895,136292.55,3574530048,432,438,True,"{""after_rows"":51249050,""before_rows"":49999000,""managed_files"":26,""operations"":{""delete"":250000,""insert"":1500000,""update"":750000}}"
85e7b5f3-3f42-4845-b3f8-3b40a66f7910,large,1,measured,5,process_events,100000000,99990000,17839972303,7634923636,44496.709,2247357.22,3377852416,438,442,True,"{""accepted"":99990000,""managed_files"":26,""quarantined"":10000,""sessions"":14285715}"
85e7b5f3-3f42-4845-b3f8-3b40a66f7910,large,1,measured,6,validate_quality,151250050,6,0,7634923636,5604.183,,1518112768,442,443,True,"{""managed_files"":26,""metrics"":{""events_accepted"":99990000.0,""events_quarantined"":10000.0,""fact_revenue"":19266352338.98,""orders_accepted"":51249050.0,""orders_quarantined"":1000.0,""sessions"":14285715.0}}"
85e7b5f3-3f42-4845-b3f8-3b40a66f7910,large,1,measured,7,query_history,101248050,2,0,7634923636,607.071,166781178.22,241336320,443,443,True,"{""current_revenue"":19266352338.98,""current_rows"":51249050,""historical_revenue"":18914757625.39,""historical_rows"":49999000,""historical_snapshot"":432,""managed_files"":26}"
71d53ffa-8e29-4935-94f6-7309f3740400,large,2,measured,1,generate_sources,0,158000000,0,19294901972,155263.303,1017626.16,145633280,445,445,True,"{""changes"":2500000,""customers"":5000000,""events"":100000000,""orders"":50000000,""products"":500000,""seed"":20260901}"
71d53ffa-8e29-4935-94f6-7309f3740400,large,2,measured,2,ingest_batch,55500000,55500000,1265628741,7634923636,6714.174,8266094.73,273809408,445,448,True,"{""customers"":5000000,""managed_files"":26,""orders"":50000000,""products"":500000}"
71d53ffa-8e29-4935-94f6-7309f3740400,large,2,measured,3,prepare_and_model,50000000,49999000,0,7536090207,21892.293,2283908.74,3504148480,448,454,True,"{""accepted"":49999000,""daily_rows"":1800,""managed_files"":24,""quarantined"":1000}"
71d53ffa-8e29-4935-94f6-7309f3740400,large,2,measured,4,apply_incremental,2500000,51249050,189300928,7634958544,17740.318,140921.94,3571195904,454,460,True,"{""after_rows"":51249050,""before_rows"":49999000,""managed_files"":26,""operations"":{""delete"":250000,""insert"":1500000,""update"":750000}}"
71d53ffa-8e29-4935-94f6-7309f3740400,large,2,measured,5,process_events,100000000,99990000,17839972303,7634981254,42748.408,2339268.38,3386109952,460,464,True,"{""accepted"":99990000,""managed_files"":26,""quarantined"":10000,""sessions"":14285715}"
71d53ffa-8e29-4935-94f6-7309f3740400,large,2,measured,6,validate_quality,151250050,6,0,7634981254,5726.376,,1523326976,464,465,True,"{""managed_files"":26,""metrics"":{""events_accepted"":99990000.0,""events_quarantined"":10000.0,""fact_revenue"":19266352338.98,""orders_accepted"":51249050.0,""orders_quarantined"":1000.0,""sessions"":14285715.0}}"
71d53ffa-8e29-4935-94f6-7309f3740400,large,2,measured,7,query_history,101248050,2,0,7634981254,600.023,168740169.13,241340416,465,465,True,"{""current_revenue"":19266352338.98,""current_rows"":51249050,""historical_revenue"":18914757625.39,""historical_rows"":49999000,""historical_snapshot"":454,""managed_files"":26}"
0ffe70d5-138d-4879-a61a-b53b3bf6161d,large,3,measured,1,generate_sources,0,158000000,0,19294901972,116730.09,1353549.89,144486400,467,467,True,"{""changes"":2500000,""customers"":5000000,""events"":100000000,""orders"":50000000,""products"":500000,""seed"":20260901}"
0ffe70d5-138d-4879-a61a-b53b3bf6161d,large,3,measured,2,ingest_batch,55500000,55500000,1265628741,7634981254,6620.539,8383003.51,275238912,467,470,True,"{""customers"":5000000,""managed_files"":26,""orders"":50000000,""products"":500000}"
0ffe70d5-138d-4879-a61a-b53b3bf6161d,large,3,measured,3,prepare_and_model,50000000,49999000,0,7535937118,21630.057,2311598.13,3513200640,470,476,True,"{""accepted"":49999000,""daily_rows"":1800,""managed_files"":24,""quarantined"":1000}"
0ffe70d5-138d-4879-a61a-b53b3bf6161d,large,3,measured,4,apply_incremental,2500000,51249050,189300928,7634523593,17534.081,142579.47,3564593152,476,482,True,"{""after_rows"":51249050,""before_rows"":49999000,""managed_files"":26,""operations"":{""delete"":250000,""insert"":1500000,""update"":750000}}"
0ffe70d5-138d-4879-a61a-b53b3bf6161d,large,3,measured,5,process_events,100000000,99990000,17839972303,7634468774,42252.837,2366705.0,3377741824,482,486,True,"{""accepted"":99990000,""managed_files"":26,""quarantined"":10000,""sessions"":14285715}"
0ffe70d5-138d-4879-a61a-b53b3bf6161d,large,3,measured,6,validate_quality,151250050,6,0,7634468774,5398.501,,1520013312,486,487,True,"{""managed_files"":26,""metrics"":{""events_accepted"":99990000.0,""events_quarantined"":10000.0,""fact_revenue"":19266352338.98,""orders_accepted"":51249050.0,""orders_quarantined"":1000.0,""sessions"":14285715.0}}"
0ffe70d5-138d-4879-a61a-b53b3bf6161d,large,3,measured,7,query_history,101248050,2,0,7634468774,599.428,168907634.52,241283072,487,487,True,"{""current_revenue"":19266352338.98,""current_rows"":51249050,""historical_revenue"":18914757625.39,""historical_rows"":49999000,""historical_snapshot"":476,""managed_files"":26}"
dca7602f-87d7-4a06-aabe-29dd3bf4dd78,large,4,measured,1,generate_sources,0,158000000,0,19294901972,152180.638,1038239.83,144302080,489,489,True,"{""changes"":2500000,""customers"":5000000,""events"":100000000,""orders"":50000000,""products"":500000,""seed"":20260901}"
dca7602f-87d7-4a06-aabe-29dd3bf4dd78,large,4,measured,2,ingest_batch,55500000,55500000,1265628741,7634468726,6592.46,8418709.03,271753216,489,492,True,"{""customers"":5000000,""managed_files"":26,""orders"":50000000,""products"":500000}"
dca7602f-87d7-4a06-aabe-29dd3bf4dd78,large,4,measured,3,prepare_and_model,50000000,49999000,0,7535762330,21780.848,2295594.7,3509817344,492,498,True,"{""accepted"":49999000,""daily_rows"":1800,""managed_files"":24,""quarantined"":1000}"
dca7602f-87d7-4a06-aabe-29dd3bf4dd78,large,4,measured,4,apply_incremental,2500000,51249050,189300928,7634661452,17649.252,141649.06,3586904064,498,504,True,"{""after_rows"":51249050,""before_rows"":49999000,""managed_files"":26,""operations"":{""delete"":250000,""insert"":1500000,""update"":750000}}"
dca7602f-87d7-4a06-aabe-29dd3bf4dd78,large,4,measured,5,process_events,100000000,99990000,17839972303,7634698659,41440.886,2413075.83,3384537088,504,508,True,"{""accepted"":99990000,""managed_files"":26,""quarantined"":10000,""sessions"":14285715}"
dca7602f-87d7-4a06-aabe-29dd3bf4dd78,large,4,measured,6,validate_quality,151250050,6,0,7634698659,5599.494,,1519140864,508,509,True,"{""managed_files"":26,""metrics"":{""events_accepted"":99990000.0,""events_quarantined"":10000.0,""fact_revenue"":19266352338.98,""orders_accepted"":51249050.0,""orders_quarantined"":1000.0,""sessions"":14285715.0}}"
dca7602f-87d7-4a06-aabe-29dd3bf4dd78,large,4,measured,7,query_history,101248050,2,0,7634698659,600.497,168607059.05,243281920,509,509,True,"{""current_revenue"":19266352338.98,""current_rows"":51249050,""historical_revenue"":18914757625.39,""historical_rows"":49999000,""historical_snapshot"":498,""managed_files"":26}"
b1a28201-30d0-48ce-8b6d-4fd6020e29a2,large,5,measured,1,generate_sources,0,158000000,0,19294901972,108510.97,1456073.98,143704064,511,511,True,"{""changes"":2500000,""customers"":5000000,""events"":100000000,""orders"":50000000,""products"":500000,""seed"":20260901}"
b1a28201-30d0-48ce-8b6d-4fd6020e29a2,large,5,measured,2,ingest_batch,55500000,55500000,1265628741,7634698675,6638.202,8360698.3,273108992,511,514,True,"{""customers"":5000000,""managed_files"":26,""orders"":50000000,""products"":500000}"
b1a28201-30d0-48ce-8b6d-4fd6020e29a2,large,5,measured,3,prepare_and_model,50000000,49999000,0,7535836359,21642.983,2310217.54,3512385536,514,520,True,"{""accepted"":49999000,""daily_rows"":1800,""managed_files"":24,""quarantined"":1000}"
b1a28201-30d0-48ce-8b6d-4fd6020e29a2,large,5,measured,4,apply_incremental,2500000,51249050,189300928,7634920800,17440.861,143341.54,3580968960,520,526,True,"{""after_rows"":51249050,""before_rows"":49999000,""managed_files"":26,""operations"":{""delete"":250000,""insert"":1500000,""update"":750000}}"
b1a28201-30d0-48ce-8b6d-4fd6020e29a2,large,5,measured,5,process_events,100000000,99990000,17839972303,7634870831,42038.425,2378776.07,3364368384,526,530,True,"{""accepted"":99990000,""managed_files"":26,""quarantined"":10000,""sessions"":14285715}"
b1a28201-30d0-48ce-8b6d-4fd6020e29a2,large,5,measured,6,validate_quality,151250050,6,0,7634870831,5489.402,,1527582720,530,531,True,"{""managed_files"":26,""metrics"":{""events_accepted"":99990000.0,""events_quarantined"":10000.0,""fact_revenue"":19266352338.98,""orders_accepted"":51249050.0,""orders_quarantined"":1000.0,""sessions"":14285715.0}}"
b1a28201-30d0-48ce-8b6d-4fd6020e29a2,large,5,measured,7,query_history,101248050,2,0,7634870831,585.885,172812244.46,237486080,531,531,True,"{""current_revenue"":19266352338.98,""current_rows"":51249050,""historical_revenue"":18914757625.39,""historical_rows"":49999000,""historical_snapshot"":520,""managed_files"":26}"
52d6da6e-eb12-4b5f-a96c-7ea344a6418a,large,0,warmup,1,generate_sources,0,158000000,0,19294901972,166074.223,951381.84,144584704,401,401,True,"{""changes"":2500000,""customers"":5000000,""events"":100000000,""orders"":50000000,""products"":500000,""seed"":20260901}"
52d6da6e-eb12-4b5f-a96c-7ea344a6418a,large,0,warmup,2,ingest_batch,55500000,55500000,1265628741,2531911918,7456.078,7443591.46,273166336,401,404,True,"{""customers"":5000000,""managed_files"":18,""orders"":50000000,""products"":500000}"
52d6da6e-eb12-4b5f-a96c-7ea344a6418a,large,0,warmup,3,prepare_and_model,50000000,49999000,0,4707829799,25397.421,1968703.84,3519008768,404,410,True,"{""accepted"":49999000,""daily_rows"":1800,""managed_files"":20,""quarantined"":1000}"
52d6da6e-eb12-4b5f-a96c-7ea344a6418a,large,0,warmup,4,apply_incremental,2500000,51249050,189300928,4850687100,20822.075,120064.88,3586252800,410,416,True,"{""after_rows"":51249050,""before_rows"":49999000,""managed_files"":22,""operations"":{""delete"":250000,""insert"":1500000,""update"":750000}}"
52d6da6e-eb12-4b5f-a96c-7ea344a6418a,large,0,warmup,5,process_events,100000000,99990000,17839972303,7635209615,44895.917,2227374.02,3386302464,416,420,True,"{""accepted"":99990000,""managed_files"":26,""quarantined"":10000,""sessions"":14285715}"
52d6da6e-eb12-4b5f-a96c-7ea344a6418a,large,0,warmup,6,validate_quality,151250050,6,0,7635209615,5735.363,,1519661056,420,421,True,"{""managed_files"":26,""metrics"":{""events_accepted"":99990000.0,""events_quarantined"":10000.0,""fact_revenue"":19266352338.98,""orders_accepted"":51249050.0,""orders_quarantined"":1000.0,""sessions"":14285715.0}}"
52d6da6e-eb12-4b5f-a96c-7ea344a6418a,large,0,warmup,7,query_history,101248050,2,0,7635209615,635.439,159335568.11,244129792,421,421,True,"{""current_revenue"":19266352338.98,""current_rows"":51249050,""historical_revenue"":18914757625.39,""historical_rows"":49999000,""historical_snapshot"":410,""managed_files"":26}"
13fd43cf-6cb7-4251-b811-537411176ae0,medium,1,measured,1,generate_sources,0,31600000,0,3831174183,32229.735,980461.04,139182080,291,291,True,"{""changes"":500000,""customers"":1000000,""events"":20000000,""orders"":10000000,""products"":100000,""seed"":20260901}"
13fd43cf-6cb7-4251-b811-537411176ae0,medium,1,measured,2,ingest_batch,11100000,11100000,253048554,1527051226,2332.398,4759051.37,241967104,291,294,True,"{""customers"":1000000,""managed_files"":16,""orders"":10000000,""products"":100000}"
13fd43cf-6cb7-4251-b811-537411176ae0,medium,1,measured,3,prepare_and_model,10000000,9999800,0,1507068966,5939.695,1683588.13,857960448,294,300,True,"{""accepted"":9999800,""daily_rows"":1800,""managed_files"":14,""quarantined"":200}"
13fd43cf-6cb7-4251-b811-537411176ae0,medium,1,measured,4,apply_incremental,500000,10249810,36795992,1526711098,4643.355,107680.77,860737536,300,306,True,"{""after_rows"":10249810,""before_rows"":9999800,""managed_files"":16,""operations"":{""delete"":50000,""insert"":300000,""update"":150000}}"
13fd43cf-6cb7-4251-b811-537411176ae0,medium,1,measured,5,process_events,20000000,19998000,3541329637,1526740969,9885.133,2023240.38,869187584,306,310,True,"{""accepted"":19998000,""managed_files"":16,""quarantined"":2000,""sessions"":2857143}"
13fd43cf-6cb7-4251-b811-537411176ae0,medium,1,measured,6,validate_quality,30250010,6,0,1526740969,2038.676,,458731520,310,311,True,"{""managed_files"":16,""metrics"":{""events_accepted"":19998000.0,""events_quarantined"":2000.0,""fact_revenue"":3853270241.04,""orders_accepted"":10249810.0,""orders_quarantined"":200.0,""sessions"":2857143.0}}"
13fd43cf-6cb7-4251-b811-537411176ae0,medium,1,measured,7,query_history,20249610,2,0,1526740969,350.008,57854673.12,428707840,311,311,True,"{""current_revenue"":3853270241.04,""current_rows"":10249810,""historical_revenue"":3782951586.66,""historical_rows"":9999800,""historical_snapshot"":300,""managed_files"":16}"
f0f61ec5-b311-4e75-a729-e3995c10bedb,medium,2,measured,1,generate_sources,0,31600000,0,3831174183,32557.649,970586.06,139546624,313,313,True,"{""changes"":500000,""customers"":1000000,""events"":20000000,""orders"":10000000,""products"":100000,""seed"":20260901}"
f0f61ec5-b311-4e75-a729-e3995c10bedb,medium,2,measured,2,ingest_batch,11100000,11100000,253048554,1526740969,2329.636,4764692.24,242061312,313,316,True,"{""customers"":1000000,""managed_files"":16,""orders"":10000000,""products"":100000}"
f0f61ec5-b311-4e75-a729-e3995c10bedb,medium,2,measured,3,prepare_and_model,10000000,9999800,0,1507079470,5982.793,1671460.02,845238272,316,322,True,"{""accepted"":9999800,""daily_rows"":1800,""managed_files"":14,""quarantined"":200}"
f0f61ec5-b311-4e75-a729-e3995c10bedb,medium,2,measured,4,apply_incremental,500000,10249810,36795992,1526857670,4676.989,106906.39,864538624,322,328,True,"{""after_rows"":10249810,""before_rows"":9999800,""managed_files"":16,""operations"":{""delete"":50000,""insert"":300000,""update"":150000}}"
f0f61ec5-b311-4e75-a729-e3995c10bedb,medium,2,measured,5,process_events,20000000,19998000,3541329637,1526884344,9910.769,2018006.96,873349120,328,332,True,"{""accepted"":19998000,""managed_files"":16,""quarantined"":2000,""sessions"":2857143}"
f0f61ec5-b311-4e75-a729-e3995c10bedb,medium,2,measured,6,validate_quality,30250010,6,0,1526884344,1979.529,,461451264,332,333,True,"{""managed_files"":16,""metrics"":{""events_accepted"":19998000.0,""events_quarantined"":2000.0,""fact_revenue"":3853270241.04,""orders_accepted"":10249810.0,""orders_quarantined"":200.0,""sessions"":2857143.0}}"
f0f61ec5-b311-4e75-a729-e3995c10bedb,medium,2,measured,7,query_history,20249610,2,0,1526884344,290.242,69768045.21,201723904,333,333,True,"{""current_revenue"":3853270241.04,""current_rows"":10249810,""historical_revenue"":3782951586.66,""historical_rows"":9999800,""historical_snapshot"":322,""managed_files"":16}"
214dd185-d8d2-4acc-b15f-c1e57928de0d,medium,3,measured,1,generate_sources,0,31600000,0,3831174183,35234.691,896843.4,140075008,335,335,True,"{""changes"":500000,""customers"":1000000,""events"":20000000,""orders"":10000000,""products"":100000,""seed"":20260901}"
214dd185-d8d2-4acc-b15f-c1e57928de0d,medium,3,measured,2,ingest_batch,11100000,11100000,253048554,1526884344,2285.172,4857403.27,240975872,335,338,True,"{""customers"":1000000,""managed_files"":16,""orders"":10000000,""products"":100000}"
214dd185-d8d2-4acc-b15f-c1e57928de0d,medium,3,measured,3,prepare_and_model,10000000,9999800,0,1507068983,5968.282,1675524.19,849088512,338,344,True,"{""accepted"":9999800,""daily_rows"":1800,""managed_files"":14,""quarantined"":200}"
214dd185-d8d2-4acc-b15f-c1e57928de0d,medium,3,measured,4,apply_incremental,500000,10249810,36795992,1526673260,4857.815,102926.93,874827776,344,350,True,"{""after_rows"":10249810,""before_rows"":9999800,""managed_files"":16,""operations"":{""delete"":50000,""insert"":300000,""update"":150000}}"
214dd185-d8d2-4acc-b15f-c1e57928de0d,medium,3,measured,5,process_events,20000000,19998000,3541329637,1526622483,10006.574,1998685.98,865112064,350,354,True,"{""accepted"":19998000,""managed_files"":16,""quarantined"":2000,""sessions"":2857143}"
214dd185-d8d2-4acc-b15f-c1e57928de0d,medium,3,measured,6,validate_quality,30250010,6,0,1526622483,1939.554,,455897088,354,355,True,"{""managed_files"":16,""metrics"":{""events_accepted"":19998000.0,""events_quarantined"":2000.0,""fact_revenue"":3853270241.04,""orders_accepted"":10249810.0,""orders_quarantined"":200.0,""sessions"":2857143.0}}"
214dd185-d8d2-4acc-b15f-c1e57928de0d,medium,3,measured,7,query_history,20249610,2,0,1526622483,298.428,67854279.04,201674752,355,355,True,"{""current_revenue"":3853270241.04,""current_rows"":10249810,""historical_revenue"":3782951586.66,""historical_rows"":9999800,""historical_snapshot"":344,""managed_files"":16}"
bd040256-a81e-4536-b9a4-5ff6163f3de3,medium,4,measured,1,generate_sources,0,31600000,0,3831174183,34706.358,910496.0,140013568,357,357,True,"{""changes"":500000,""customers"":1000000,""events"":20000000,""orders"":10000000,""products"":100000,""seed"":20260901}"
bd040256-a81e-4536-b9a4-5ff6163f3de3,medium,4,measured,2,ingest_batch,11100000,11100000,253048554,1526622483,2180.994,5089421.83,241672192,357,360,True,"{""customers"":1000000,""managed_files"":16,""orders"":10000000,""products"":100000}"
bd040256-a81e-4536-b9a4-5ff6163f3de3,medium,4,measured,3,prepare_and_model,10000000,9999800,0,1507031323,6078.659,1645099.74,845598720,360,366,True,"{""accepted"":9999800,""daily_rows"":1800,""managed_files"":14,""quarantined"":200}"
bd040256-a81e-4536-b9a4-5ff6163f3de3,medium,4,measured,4,apply_incremental,500000,10249810,36795992,1527191376,4607.261,108524.35,879714304,366,372,True,"{""after_rows"":10249810,""before_rows"":9999800,""managed_files"":16,""operations"":{""delete"":50000,""insert"":300000,""update"":150000}}"
bd040256-a81e-4536-b9a4-5ff6163f3de3,medium,4,measured,5,process_events,20000000,19998000,3541329637,1527180044,9940.371,2011997.26,890867712,372,376,True,"{""accepted"":19998000,""managed_files"":16,""quarantined"":2000,""sessions"":2857143}"
bd040256-a81e-4536-b9a4-5ff6163f3de3,medium,4,measured,6,validate_quality,30250010,6,0,1527180044,1825.429,,460337152,376,377,True,"{""managed_files"":16,""metrics"":{""events_accepted"":19998000.0,""events_quarantined"":2000.0,""fact_revenue"":3853270241.04,""orders_accepted"":10249810.0,""orders_quarantined"":200.0,""sessions"":2857143.0}}"
bd040256-a81e-4536-b9a4-5ff6163f3de3,medium,4,measured,7,query_history,20249610,2,0,1527180044,313.905,64508638.59,198811648,377,377,True,"{""current_revenue"":3853270241.04,""current_rows"":10249810,""historical_revenue"":3782951586.66,""historical_rows"":9999800,""historical_snapshot"":366,""managed_files"":16}"
b8881f3b-da9d-4e8d-b442-f5ee9a8ebbff,medium,5,measured,1,generate_sources,0,31600000,0,3831174183,34791.599,908265.24,140296192,379,379,True,"{""changes"":500000,""customers"":1000000,""events"":20000000,""orders"":10000000,""products"":100000,""seed"":20260901}"
b8881f3b-da9d-4e8d-b442-f5ee9a8ebbff,medium,5,measured,2,ingest_batch,11100000,11100000,253048554,1527180044,2238.448,4958793.76,248041472,379,382,True,"{""customers"":1000000,""managed_files"":16,""orders"":10000000,""products"":100000}"
b8881f3b-da9d-4e8d-b442-f5ee9a8ebbff,medium,5,measured,3,prepare_and_model,10000000,9999800,0,1507077542,5976.995,1673081.6,844148736,382,388,True,"{""accepted"":9999800,""daily_rows"":1800,""managed_files"":14,""quarantined"":200}"
b8881f3b-da9d-4e8d-b442-f5ee9a8ebbff,medium,5,measured,4,apply_incremental,500000,10249810,36795992,1527181734,4939.543,101223.95,875446272,388,394,True,"{""after_rows"":10249810,""before_rows"":9999800,""managed_files"":16,""operations"":{""delete"":50000,""insert"":300000,""update"":150000}}"
b8881f3b-da9d-4e8d-b442-f5ee9a8ebbff,medium,5,measured,5,process_events,20000000,19998000,3541329637,1527225554,9951.318,2009784.09,887128064,394,398,True,"{""accepted"":19998000,""managed_files"":16,""quarantined"":2000,""sessions"":2857143}"
b8881f3b-da9d-4e8d-b442-f5ee9a8ebbff,medium,5,measured,6,validate_quality,30250010,6,0,1527225554,2119.898,,459079680,398,399,True,"{""managed_files"":16,""metrics"":{""events_accepted"":19998000.0,""events_quarantined"":2000.0,""fact_revenue"":3853270241.04,""orders_accepted"":10249810.0,""orders_quarantined"":200.0,""sessions"":2857143.0}}"
b8881f3b-da9d-4e8d-b442-f5ee9a8ebbff,medium,5,measured,7,query_history,20249610,2,0,1527225554,330.732,61226698.26,201691136,399,399,True,"{""current_revenue"":3853270241.04,""current_rows"":10249810,""historical_revenue"":3782951586.66,""historical_rows"":9999800,""historical_snapshot"":388,""managed_files"":16}"
e00c948e-8909-467a-9eb4-8ca4cfbeb411,medium,0,warmup,1,generate_sources,0,31600000,0,3831174183,32339.982,977118.66,140587008,269,269,True,"{""changes"":500000,""customers"":1000000,""events"":20000000,""orders"":10000000,""products"":100000,""seed"":20260901}"
e00c948e-8909-467a-9eb4-8ca4cfbeb411,medium,0,warmup,2,ingest_batch,11100000,11100000,253048554,375087704,2242.309,4950254.18,243412992,269,272,True,"{""customers"":1000000,""managed_files"":16,""orders"":10000000,""products"":100000}"
e00c948e-8909-467a-9eb4-8ca4cfbeb411,medium,0,warmup,3,prepare_and_model,10000000,9999800,0,870674788,5977.341,1672984.83,861114368,272,278,True,"{""accepted"":9999800,""daily_rows"":1800,""managed_files"":14,""quarantined"":200}"
e00c948e-8909-467a-9eb4-8ca4cfbeb411,medium,0,warmup,4,apply_incremental,500000,10249810,36795992,900704871,4558.02,109696.76,873533440,278,284,True,"{""after_rows"":10249810,""before_rows"":9999800,""managed_files"":16,""operations"":{""delete"":50000,""insert"":300000,""update"":150000}}"
e00c948e-8909-467a-9eb4-8ca4cfbeb411,medium,0,warmup,5,process_events,20000000,19998000,3541329637,1527051226,9932.565,2013578.53,852410368,284,288,True,"{""accepted"":19998000,""managed_files"":16,""quarantined"":2000,""sessions"":2857143}"
e00c948e-8909-467a-9eb4-8ca4cfbeb411,medium,0,warmup,6,validate_quality,30250010,6,0,1527051226,2007.424,,458448896,288,289,True,"{""managed_files"":16,""metrics"":{""events_accepted"":19998000.0,""events_quarantined"":2000.0,""fact_revenue"":3853270241.04,""orders_accepted"":10249810.0,""orders_quarantined"":200.0,""sessions"":2857143.0}}"
e00c948e-8909-467a-9eb4-8ca4cfbeb411,medium,0,warmup,7,query_history,20249610,2,0,1527051226,280.438,72207031.71,195018752,289,289,True,"{""current_revenue"":3853270241.04,""current_rows"":10249810,""historical_revenue"":3782951586.66,""historical_rows"":9999800,""historical_snapshot"":278,""managed_files"":16}"
2b1d26ae-e031-46eb-a13a-e31dc25a510e,quick,1,measured,1,generate_sources,0,316000,0,36914145,864.101,365697.78,133664768,27,27,True,"{""changes"":5000,""customers"":10000,""events"":200000,""orders"":100000,""products"":1000,""seed"":20260901}"
2b1d26ae-e031-46eb-a13a-e31dc25a510e,quick,1,measured,2,ingest_batch,111000,111000,1962742,12928084,331.849,334489.18,139010048,27,30,True,"{""customers"":10000,""managed_files"":15,""orders"":100000,""products"":1000}"
2b1d26ae-e031-46eb-a13a-e31dc25a510e,quick,1,measured,3,prepare_and_model,100000,99998,0,12658141,1025.852,97479.93,176590848,30,36,True,"{""accepted"":99998,""daily_rows"":40,""managed_files"":13,""quarantined"":2}"
2b1d26ae-e031-46eb-a13a-e31dc25a510e,quick,1,measured,4,apply_incremental,5000,102499,337986,12928084,892.812,5600.28,202727424,36,42,True,"{""after_rows"":102499,""before_rows"":99998,""managed_files"":15,""operations"":{""delete"":500,""insert"":3000,""update"":1500}}"
2b1d26ae-e031-46eb-a13a-e31dc25a510e,quick,1,measured,5,process_events,200000,199980,34613417,12928410,999.629,200074.21,232542208,42,46,True,"{""accepted"":199980,""managed_files"":15,""quarantined"":20,""sessions"":28572}"
2b1d26ae-e031-46eb-a13a-e31dc25a510e,quick,1,measured,6,validate_quality,302501,6,0,12928410,653.807,,176525312,46,47,True,"{""managed_files"":15,""metrics"":{""events_accepted"":199980.0,""events_quarantined"":20.0,""fact_revenue"":38506549.86,""orders_accepted"":102499.0,""orders_quarantined"":2.0,""sessions"":28572.0}}"
2b1d26ae-e031-46eb-a13a-e31dc25a510e,quick,1,measured,7,query_history,202497,2,0,12928410,122.075,1658786.29,178401280,47,47,True,"{""current_revenue"":38506549.86,""current_rows"":102499,""historical_revenue"":37829575.51,""historical_rows"":99998,""historical_snapshot"":36,""managed_files"":15}"
44c404d8-11f7-47b8-b01e-504f44aba60c,quick,2,measured,1,generate_sources,0,316000,0,36914145,1063.948,297006.91,134139904,49,49,True,"{""changes"":5000,""customers"":10000,""events"":200000,""orders"":100000,""products"":1000,""seed"":20260901}"
44c404d8-11f7-47b8-b01e-504f44aba60c,quick,2,measured,2,ingest_batch,111000,111000,1962742,12928410,418.605,265166.26,139460608,49,52,True,"{""customers"":10000,""managed_files"":15,""orders"":100000,""products"":1000}"
44c404d8-11f7-47b8-b01e-504f44aba60c,quick,2,measured,3,prepare_and_model,100000,99998,0,12658467,982.348,101796.96,179191808,52,58,True,"{""accepted"":99998,""daily_rows"":40,""managed_files"":13,""quarantined"":2}"
44c404d8-11f7-47b8-b01e-504f44aba60c,quick,2,measured,4,apply_incremental,5000,102499,337986,12928410,788.886,6338.05,175456256,58,64,True,"{""after_rows"":102499,""before_rows"":99998,""managed_files"":15,""operations"":{""delete"":500,""insert"":3000,""update"":1500}}"
44c404d8-11f7-47b8-b01e-504f44aba60c,quick,2,measured,5,process_events,200000,199980,34613417,12928625,834.004,239807.03,225603584,64,68,True,"{""accepted"":199980,""managed_files"":15,""quarantined"":20,""sessions"":28572}"
44c404d8-11f7-47b8-b01e-504f44aba60c,quick,2,measured,6,validate_quality,302501,6,0,12928625,613.25,,185610240,68,69,True,"{""managed_files"":15,""metrics"":{""events_accepted"":199980.0,""events_quarantined"":20.0,""fact_revenue"":38506549.86,""orders_accepted"":102499.0,""orders_quarantined"":2.0,""sessions"":28572.0}}"
44c404d8-11f7-47b8-b01e-504f44aba60c,quick,2,measured,7,query_history,202497,2,0,12928625,121.056,1672749.23,183386112,69,69,True,"{""current_revenue"":38506549.86,""current_rows"":102499,""historical_revenue"":37829575.51,""historical_rows"":99998,""historical_snapshot"":58,""managed_files"":15}"
5d2153af-8fd5-4883-bf31-b608d506782a,quick,3,measured,1,generate_sources,0,316000,0,36914145,966.701,326884.91,117329920,71,71,True,"{""changes"":5000,""customers"":10000,""events"":200000,""orders"":100000,""products"":1000,""seed"":20260901}"
5d2153af-8fd5-4883-bf31-b608d506782a,quick,3,measured,2,ingest_batch,111000,111000,1962742,12928625,371.118,299096.24,125063168,71,74,True,"{""customers"":10000,""managed_files"":15,""orders"":100000,""products"":1000}"
5d2153af-8fd5-4883-bf31-b608d506782a,quick,3,measured,3,prepare_and_model,100000,99998,0,12658682,1089.004,91827.0,200962048,74,80,True,"{""accepted"":99998,""daily_rows"":40,""managed_files"":13,""quarantined"":2}"
5d2153af-8fd5-4883-bf31-b608d506782a,quick,3,measured,4,apply_incremental,5000,102499,337986,12928625,988.593,5057.7,205996032,80,86,True,"{""after_rows"":102499,""before_rows"":99998,""managed_files"":15,""operations"":{""delete"":500,""insert"":3000,""update"":1500}}"
5d2153af-8fd5-4883-bf31-b608d506782a,quick,3,measured,5,process_events,200000,199980,34613417,12928618,908.1,220240.06,232357888,86,90,True,"{""accepted"":199980,""managed_files"":15,""quarantined"":20,""sessions"":28572}"
5d2153af-8fd5-4883-bf31-b608d506782a,quick,3,measured,6,validate_quality,302501,6,0,12928618,849.047,,183603200,90,91,True,"{""managed_files"":15,""metrics"":{""events_accepted"":199980.0,""events_quarantined"":20.0,""fact_revenue"":38506549.86,""orders_accepted"":102499.0,""orders_quarantined"":2.0,""sessions"":28572.0}}"
5d2153af-8fd5-4883-bf31-b608d506782a,quick,3,measured,7,query_history,202497,2,0,12928618,169.36,1195658.72,181620736,91,91,True,"{""current_revenue"":38506549.86,""current_rows"":102499,""historical_revenue"":37829575.51,""historical_rows"":99998,""historical_snapshot"":80,""managed_files"":15}"
9e682a89-c44e-4f75-916a-9bf98e65fa94,quick,4,measured,1,generate_sources,0,316000,0,36914145,1150.107,274757.0,120709120,93,93,True,"{""changes"":5000,""customers"":10000,""events"":200000,""orders"":100000,""products"":1000,""seed"":20260901}"
9e682a89-c44e-4f75-916a-9bf98e65fa94,quick,4,measured,2,ingest_batch,111000,111000,1962742,12928618,431.183,257431.42,141246464,93,96,True,"{""customers"":10000,""managed_files"":15,""orders"":100000,""products"":1000}"
9e682a89-c44e-4f75-916a-9bf98e65fa94,quick,4,measured,3,prepare_and_model,100000,99998,0,12658675,1171.342,85372.19,194441216,96,102,True,"{""accepted"":99998,""daily_rows"":40,""managed_files"":13,""quarantined"":2}"
9e682a89-c44e-4f75-916a-9bf98e65fa94,quick,4,measured,4,apply_incremental,5000,102499,337986,12930182,1071.523,4666.26,203337728,102,108,True,"{""after_rows"":102499,""before_rows"":99998,""managed_files"":15,""operations"":{""delete"":500,""insert"":3000,""update"":1500}}"
9e682a89-c44e-4f75-916a-9bf98e65fa94,quick,4,measured,5,process_events,200000,199980,34613417,12930024,646.755,309236.16,218226688,108,112,True,"{""accepted"":199980,""managed_files"":15,""quarantined"":20,""sessions"":28572}"
9e682a89-c44e-4f75-916a-9bf98e65fa94,quick,4,measured,6,validate_quality,302501,6,0,12930024,523.885,,185491456,112,113,True,"{""managed_files"":15,""metrics"":{""events_accepted"":199980.0,""events_quarantined"":20.0,""fact_revenue"":38506549.86,""orders_accepted"":102499.0,""orders_quarantined"":2.0,""sessions"":28572.0}}"
9e682a89-c44e-4f75-916a-9bf98e65fa94,quick,4,measured,7,query_history,202497,2,0,12930024,146.248,1384614.75,182108160,113,113,True,"{""current_revenue"":38506549.86,""current_rows"":102499,""historical_revenue"":37829575.51,""historical_rows"":99998,""historical_snapshot"":102,""managed_files"":15}"
0eccec38-87ae-4b07-919e-3d41d38661ea,quick,5,measured,1,generate_sources,0,316000,0,36914145,866.315,364763.27,121495552,115,115,True,"{""changes"":5000,""customers"":10000,""events"":200000,""orders"":100000,""products"":1000,""seed"":20260901}"
0eccec38-87ae-4b07-919e-3d41d38661ea,quick,5,measured,2,ingest_batch,111000,111000,1962742,12930024,513.265,216262.43,141672448,115,118,True,"{""customers"":10000,""managed_files"":15,""orders"":100000,""products"":1000}"
0eccec38-87ae-4b07-919e-3d41d38661ea,quick,5,measured,3,prepare_and_model,100000,99998,0,12658517,1219.974,81968.94,200388608,118,124,True,"{""accepted"":99998,""daily_rows"":40,""managed_files"":13,""quarantined"":2}"
0eccec38-87ae-4b07-919e-3d41d38661ea,quick,5,measured,4,apply_incremental,5000,102499,337986,12928460,944.086,5296.13,207630336,124,130,True,"{""after_rows"":102499,""before_rows"":99998,""managed_files"":15,""operations"":{""delete"":500,""insert"":3000,""update"":1500}}"
0eccec38-87ae-4b07-919e-3d41d38661ea,quick,5,measured,5,process_events,200000,199980,34613417,12928304,862.596,231858.36,230756352,130,134,True,"{""accepted"":199980,""managed_files"":15,""quarantined"":20,""sessions"":28572}"
0eccec38-87ae-4b07-919e-3d41d38661ea,quick,5,measured,6,validate_quality,302501,6,0,12928304,728.378,,177917952,134,135,True,"{""managed_files"":15,""metrics"":{""events_accepted"":199980.0,""events_quarantined"":20.0,""fact_revenue"":38506549.86,""orders_accepted"":102499.0,""orders_quarantined"":2.0,""sessions"":28572.0}}"
0eccec38-87ae-4b07-919e-3d41d38661ea,quick,5,measured,7,query_history,202497,2,0,12928304,221.3,915034.72,179986432,135,135,True,"{""current_revenue"":38506549.86,""current_rows"":102499,""historical_revenue"":37829575.51,""historical_rows"":99998,""historical_snapshot"":124,""managed_files"":15}"
578c4344-e707-4c9d-8f3b-43bc7fec98e2,small,1,measured,1,generate_sources,0,3160000,0,377090094,3357.647,941135.21,137289728,159,159,True,"{""changes"":50000,""customers"":100000,""events"":2000000,""orders"":1000000,""products"":10000,""seed"":20260901}"
578c4344-e707-4c9d-8f3b-43bc7fec98e2,small,1,measured,2,ingest_batch,1110000,1110000,23427284,147249250,590.63,1879349.49,235806720,159,162,True,"{""customers"":100000,""managed_files"":16,""orders"":1000000,""products"":10000}"
578c4344-e707-4c9d-8f3b-43bc7fec98e2,small,1,measured,3,prepare_and_model,1000000,999980,0,145004787,1480.334,675523.27,294027264,162,168,True,"{""accepted"":999980,""daily_rows"":240,""managed_files"":14,""quarantined"":20}"
578c4344-e707-4c9d-8f3b-43bc7fec98e2,small,1,measured,4,apply_incremental,50000,1024981,3529573,147219873,1386.223,36069.23,272769024,168,174,True,"{""after_rows"":1024981,""before_rows"":999980,""managed_files"":16,""operations"":{""delete"":5000,""insert"":30000,""update"":15000}}"
578c4344-e707-4c9d-8f3b-43bc7fec98e2,small,1,measured,5,process_events,2000000,1999800,350133237,147217335,1489.78,1342480.55,335990784,174,178,True,"{""accepted"":1999800,""managed_files"":16,""quarantined"":200,""sessions"":285715}"
578c4344-e707-4c9d-8f3b-43bc7fec98e2,small,1,measured,6,validate_quality,3025001,6,0,147217335,821.273,,226037760,178,179,True,"{""managed_files"":16,""metrics"":{""events_accepted"":1999800.0,""events_quarantined"":200.0,""fact_revenue"":385293416.69,""orders_accepted"":1024981.0,""orders_quarantined"":20.0,""sessions"":285715.0}}"
578c4344-e707-4c9d-8f3b-43bc7fec98e2,small,1,measured,7,query_history,2024961,2,0,147217335,165.684,12221825.89,225374208,179,179,True,"{""current_revenue"":385293416.69,""current_rows"":1024981,""historical_revenue"":378295212.39,""historical_rows"":999980,""historical_snapshot"":168,""managed_files"":16}"
628a30dd-6fc8-493c-8baf-fbb3d103bc93,small,2,measured,1,generate_sources,0,3160000,0,377090094,3677.03,859389.28,136151040,181,181,True,"{""changes"":50000,""customers"":100000,""events"":2000000,""orders"":1000000,""products"":10000,""seed"":20260901}"
628a30dd-6fc8-493c-8baf-fbb3d103bc93,small,2,measured,2,ingest_batch,1110000,1110000,23427284,147217335,557.011,1992779.32,142077952,181,184,True,"{""customers"":100000,""managed_files"":16,""orders"":1000000,""products"":10000}"
628a30dd-6fc8-493c-8baf-fbb3d103bc93,small,2,measured,3,prepare_and_model,1000000,999980,0,145001135,1550.418,644987.35,320569344,184,190,True,"{""accepted"":999980,""daily_rows"":240,""managed_files"":14,""quarantined"":20}"
628a30dd-6fc8-493c-8baf-fbb3d103bc93,small,2,measured,4,apply_incremental,50000,1024981,3529573,147233741,1505.22,33217.74,314093568,190,196,True,"{""after_rows"":1024981,""before_rows"":999980,""managed_files"":16,""operations"":{""delete"":5000,""insert"":30000,""update"":15000}}"
628a30dd-6fc8-493c-8baf-fbb3d103bc93,small,2,measured,5,process_events,2000000,1999800,350133237,147205001,1549.991,1290330.41,331223040,196,200,True,"{""accepted"":1999800,""managed_files"":16,""quarantined"":200,""sessions"":285715}"
628a30dd-6fc8-493c-8baf-fbb3d103bc93,small,2,measured,6,validate_quality,3025001,6,0,147205001,695.171,,221581312,200,201,True,"{""managed_files"":16,""metrics"":{""events_accepted"":1999800.0,""events_quarantined"":200.0,""fact_revenue"":385293416.69,""orders_accepted"":1024981.0,""orders_quarantined"":20.0,""sessions"":285715.0}}"
628a30dd-6fc8-493c-8baf-fbb3d103bc93,small,2,measured,7,query_history,2024961,2,0,147205001,127.973,15823370.28,222392320,201,201,True,"{""current_revenue"":385293416.69,""current_rows"":1024981,""historical_revenue"":378295212.39,""historical_rows"":999980,""historical_snapshot"":190,""managed_files"":16}"
d31ece6d-7722-47e5-9473-a44e6f9ee6c9,small,3,measured,1,generate_sources,0,3160000,0,377090094,4240.893,745126.07,135901184,203,203,True,"{""changes"":50000,""customers"":100000,""events"":2000000,""orders"":1000000,""products"":10000,""seed"":20260901}"
d31ece6d-7722-47e5-9473-a44e6f9ee6c9,small,3,measured,2,ingest_batch,1110000,1110000,23427284,147205001,686.747,1616315.06,240250880,203,206,True,"{""customers"":100000,""managed_files"":16,""orders"":1000000,""products"":10000}"
d31ece6d-7722-47e5-9473-a44e6f9ee6c9,small,3,measured,3,prepare_and_model,1000000,999980,0,144964122,1706.13,586121.84,294129664,206,212,True,"{""accepted"":999980,""daily_rows"":240,""managed_files"":14,""quarantined"":20}"
d31ece6d-7722-47e5-9473-a44e6f9ee6c9,small,3,measured,4,apply_incremental,50000,1024981,3529573,147219879,1690.536,29576.42,283910144,212,218,True,"{""after_rows"":1024981,""before_rows"":999980,""managed_files"":16,""operations"":{""delete"":5000,""insert"":30000,""update"":15000}}"
d31ece6d-7722-47e5-9473-a44e6f9ee6c9,small,3,measured,5,process_events,2000000,1999800,350133237,147251555,1735.171,1152624.02,342958080,218,222,True,"{""accepted"":1999800,""managed_files"":16,""quarantined"":200,""sessions"":285715}"
d31ece6d-7722-47e5-9473-a44e6f9ee6c9,small,3,measured,6,validate_quality,3025001,6,0,147251555,913.519,,225165312,222,223,True,"{""managed_files"":16,""metrics"":{""events_accepted"":1999800.0,""events_quarantined"":200.0,""fact_revenue"":385293416.69,""orders_accepted"":1024981.0,""orders_quarantined"":20.0,""sessions"":285715.0}}"
d31ece6d-7722-47e5-9473-a44e6f9ee6c9,small,3,measured,7,query_history,2024961,2,0,147251555,238.694,8483519.66,226947072,223,223,True,"{""current_revenue"":385293416.69,""current_rows"":1024981,""historical_revenue"":378295212.39,""historical_rows"":999980,""historical_snapshot"":212,""managed_files"":16}"
7b29b75b-fdc7-4372-bd3d-a8a5de4061c6,small,4,measured,1,generate_sources,0,3160000,0,377090094,3770.377,838112.56,135847936,225,225,True,"{""changes"":50000,""customers"":100000,""events"":2000000,""orders"":1000000,""products"":10000,""seed"":20260901}"
7b29b75b-fdc7-4372-bd3d-a8a5de4061c6,small,4,measured,2,ingest_batch,1110000,1110000,23427284,147251555,753.45,1473223.56,230236160,225,228,True,"{""customers"":100000,""managed_files"":16,""orders"":1000000,""products"":10000}"
7b29b75b-fdc7-4372-bd3d-a8a5de4061c6,small,4,measured,3,prepare_and_model,1000000,999980,0,145008101,1859.856,537676.01,303022080,228,234,True,"{""accepted"":999980,""daily_rows"":240,""managed_files"":14,""quarantined"":20}"
7b29b75b-fdc7-4372-bd3d-a8a5de4061c6,small,4,measured,4,apply_incremental,50000,1024981,3529573,147247807,1507.5,33167.5,341655552,234,240,True,"{""after_rows"":1024981,""before_rows"":999980,""managed_files"":16,""operations"":{""delete"":5000,""insert"":30000,""update"":15000}}"
7b29b75b-fdc7-4372-bd3d-a8a5de4061c6,small,4,measured,5,process_events,2000000,1999800,350133237,147251737,1721.844,1161545.08,342278144,240,244,True,"{""accepted"":1999800,""managed_files"":16,""quarantined"":200,""sessions"":285715}"
7b29b75b-fdc7-4372-bd3d-a8a5de4061c6,small,4,measured,6,validate_quality,3025001,6,0,147251737,1109.594,,224854016,244,245,True,"{""managed_files"":16,""metrics"":{""events_accepted"":1999800.0,""events_quarantined"":200.0,""fact_revenue"":385293416.69,""orders_accepted"":1024981.0,""orders_quarantined"":20.0,""sessions"":285715.0}}"
7b29b75b-fdc7-4372-bd3d-a8a5de4061c6,small,4,measured,7,query_history,2024961,2,0,147251737,205.435,9856961.78,223346688,245,245,True,"{""current_revenue"":385293416.69,""current_rows"":1024981,""historical_revenue"":378295212.39,""historical_rows"":999980,""historical_snapshot"":234,""managed_files"":16}"
81fccd67-99d9-4ce7-a2ef-3908890a2e86,small,5,measured,1,generate_sources,0,3160000,0,377090094,3679.861,858728.11,137318400,247,247,True,"{""changes"":50000,""customers"":100000,""events"":2000000,""orders"":1000000,""products"":10000,""seed"":20260901}"
81fccd67-99d9-4ce7-a2ef-3908890a2e86,small,5,measured,2,ingest_batch,1110000,1110000,23427284,147251737,703.347,1578169.28,216985600,247,250,True,"{""customers"":100000,""managed_files"":16,""orders"":1000000,""products"":10000}"
81fccd67-99d9-4ce7-a2ef-3908890a2e86,small,5,measured,3,prepare_and_model,1000000,999980,0,145007551,1810.418,552358.78,306257920,250,256,True,"{""accepted"":999980,""daily_rows"":240,""managed_files"":14,""quarantined"":20}"
81fccd67-99d9-4ce7-a2ef-3908890a2e86,small,5,measured,4,apply_incremental,50000,1024981,3529573,147227346,1539.698,32473.9,322129920,256,262,True,"{""after_rows"":1024981,""before_rows"":999980,""managed_files"":16,""operations"":{""delete"":5000,""insert"":30000,""update"":15000}}"
81fccd67-99d9-4ce7-a2ef-3908890a2e86,small,5,measured,5,process_events,2000000,1999800,350133237,147153555,1783.715,1121255.55,330076160,262,266,True,"{""accepted"":1999800,""managed_files"":16,""quarantined"":200,""sessions"":285715}"
81fccd67-99d9-4ce7-a2ef-3908890a2e86,small,5,measured,6,validate_quality,3025001,6,0,147153555,1018.091,,224714752,266,267,True,"{""managed_files"":16,""metrics"":{""events_accepted"":1999800.0,""events_quarantined"":200.0,""fact_revenue"":385293416.69,""orders_accepted"":1024981.0,""orders_quarantined"":20.0,""sessions"":285715.0}}"
81fccd67-99d9-4ce7-a2ef-3908890a2e86,small,5,measured,7,query_history,2024961,2,0,147153555,212.672,9521521.4,188993536,267,267,True,"{""current_revenue"":385293416.69,""current_rows"":1024981,""historical_revenue"":378295212.39,""historical_rows"":999980,""historical_snapshot"":256,""managed_files"":16}"
d746cfdb-538e-48bd-acb7-50c5b292168b,small,0,warmup,1,generate_sources,0,3160000,0,377090094,4010.221,787986.42,135573504,137,137,True,"{""changes"":50000,""customers"":100000,""events"":2000000,""orders"":1000000,""products"":10000,""seed"":20260901}"
d746cfdb-538e-48bd-acb7-50c5b292168b,small,0,warmup,2,ingest_batch,1110000,1110000,23427284,34234075,575.608,1928396.05,209227776,137,140,True,"{""customers"":100000,""managed_files"":15,""orders"":1000000,""products"":10000}"
d746cfdb-538e-48bd-acb7-50c5b292168b,small,0,warmup,3,prepare_and_model,1000000,999980,0,80820156,1501.164,666149.56,302678016,140,146,True,"{""accepted"":999980,""daily_rows"":240,""managed_files"":14,""quarantined"":20}"
d746cfdb-538e-48bd-acb7-50c5b292168b,small,0,warmup,4,apply_incremental,50000,1024981,3529573,84096347,1280.972,39032.86,274583552,146,152,True,"{""after_rows"":1024981,""before_rows"":999980,""managed_files"":16,""operations"":{""delete"":5000,""insert"":30000,""update"":15000}}"
d746cfdb-538e-48bd-acb7-50c5b292168b,small,0,warmup,5,process_events,2000000,1999800,350133237,147249250,1499.841,1333474.68,343310336,152,156,True,"{""accepted"":1999800,""managed_files"":16,""quarantined"":200,""sessions"":285715}"
d746cfdb-538e-48bd-acb7-50c5b292168b,small,0,warmup,6,validate_quality,3025001,6,0,147249250,849.953,,226873344,156,157,True,"{""managed_files"":16,""metrics"":{""events_accepted"":1999800.0,""events_quarantined"":200.0,""fact_revenue"":385293416.69,""orders_accepted"":1024981.0,""orders_quarantined"":20.0,""sessions"":285715.0}}"
d746cfdb-538e-48bd-acb7-50c5b292168b,small,0,warmup,7,query_history,2024961,2,0,147249250,145.421,13924818.29,230117376,157,157,True,"{""current_revenue"":385293416.69,""current_rows"":1024981,""historical_revenue"":378295212.39,""historical_rows"":999980,""historical_snapshot"":146,""managed_files"":16}"
