initial_rows,operation,representation,rep,target_or_start,elapsed_ms
10000,lookup,jsonl,1,6279,11.396857
10000,lookup,sqlite,1,6279,0.123025
10000,lookup,jsonl,2,685,0.990633
10000,lookup,sqlite,2,685,0.030777
10000,lookup,jsonl,3,2405,5.921099
10000,lookup,sqlite,3,2405,0.056385
10000,lookup,jsonl,4,2182,3.139269
10000,lookup,sqlite,4,2182,0.035714
10000,lookup,jsonl,5,5036,7.085153
10000,lookup,sqlite,5,5036,0.053701
10000,lookup,jsonl,6,5139,8.776901
10000,lookup,sqlite,6,5139,0.066630
10000,lookup,jsonl,7,9875,17.741804
10000,lookup,sqlite,7,9875,0.066470
10000,aggregate_c07,jsonl,1,c07,17.819992
10000,aggregate_c07,sqlite,1,c07,0.263677
10000,aggregate_c07,jsonl,2,c07,16.533484
10000,aggregate_c07,sqlite,2,c07,0.254704
10000,aggregate_c07,jsonl,3,c07,14.382073
10000,aggregate_c07,sqlite,3,c07,0.248885
10000,update_one,jsonl,1,2939,18.285093
10000,update_one,sqlite,1,2939,2.807118
10000,update_one,jsonl,2,4093,18.975117
10000,update_one,sqlite,2,4093,1.770722
10000,update_one,jsonl,3,8015,20.395016
10000,update_one,sqlite,3,8015,1.078064
10000,update_one,jsonl,4,3889,38.752412
10000,update_one,sqlite,4,3889,2.605644
10000,update_one,jsonl,5,8425,38.489276
10000,update_one,sqlite,5,8425,1.540615
10000,append_1000,jsonl,1,10000,6.006958
10000,append_1000,sqlite,1,10000,6.586196
10000,append_1000,jsonl,2,11000,5.809080
10000,append_1000,sqlite,2,11000,6.222783
10000,append_1000,jsonl,3,12000,12.584561
10000,append_1000,sqlite,3,12000,5.816006
10000,append_1000,jsonl,4,13000,4.355190
10000,append_1000,sqlite,4,13000,4.517565
10000,append_1000,jsonl,5,14000,5.520555
10000,append_1000,sqlite,5,14000,5.335547
10000,append_1000,jsonl,6,15000,5.391371
10000,append_1000,sqlite,6,15000,4.054087
10000,append_1000,jsonl,7,16000,4.983236
10000,append_1000,sqlite,7,16000,4.498326
10000,append_1000,jsonl,8,17000,9.378367
10000,append_1000,sqlite,8,17000,4.369873
10000,append_1000,jsonl,9,18000,11.489321
10000,append_1000,sqlite,9,18000,4.522372
100000,lookup,jsonl,1,89650,117.924905
100000,lookup,sqlite,1,89650,0.177267
100000,lookup,jsonl,2,15404,18.803925
100000,lookup,sqlite,2,15404,0.048523
100000,lookup,jsonl,3,95520,116.720725
100000,lookup,sqlite,3,95520,0.072259
100000,lookup,jsonl,4,73440,91.634243
100000,lookup,sqlite,4,73440,0.092359
100000,lookup,jsonl,5,33606,40.814323
100000,lookup,sqlite,5,33606,0.064147
100000,lookup,jsonl,6,40019,51.603650
100000,lookup,sqlite,6,40019,0.067662
100000,lookup,jsonl,7,22560,31.022920
100000,lookup,sqlite,7,22560,0.067041
100000,aggregate_c07,jsonl,1,c07,129.127178
100000,aggregate_c07,sqlite,1,c07,2.356920
100000,aggregate_c07,jsonl,2,c07,130.491353
100000,aggregate_c07,sqlite,2,c07,2.297481
100000,aggregate_c07,jsonl,3,c07,135.711346
100000,aggregate_c07,sqlite,3,c07,2.269258
100000,update_one,jsonl,1,6161,172.378994
100000,update_one,sqlite,1,6161,2.686797
100000,update_one,jsonl,2,15030,204.072903
100000,update_one,sqlite,2,15030,1.123853
100000,update_one,jsonl,3,68697,163.973297
100000,update_one,sqlite,3,68697,1.242121
100000,update_one,jsonl,4,95243,168.284210
100000,update_one,sqlite,4,95243,1.079355
100000,update_one,jsonl,5,18382,180.512148
100000,update_one,sqlite,5,18382,1.064893
100000,append_1000,jsonl,1,100000,5.447093
100000,append_1000,sqlite,1,100000,4.395941
100000,append_1000,jsonl,2,101000,14.822682
100000,append_1000,sqlite,2,101000,4.743894
100000,append_1000,jsonl,3,102000,4.367508
100000,append_1000,sqlite,3,102000,4.911907
100000,append_1000,jsonl,4,103000,4.256630
100000,append_1000,sqlite,4,103000,12.072411
100000,append_1000,jsonl,5,104000,4.535400
100000,append_1000,sqlite,5,104000,5.870542
100000,append_1000,jsonl,6,105000,5.432416
100000,append_1000,sqlite,6,105000,4.957426
100000,append_1000,jsonl,7,106000,5.030325
100000,append_1000,sqlite,7,106000,4.339265
100000,append_1000,jsonl,8,107000,4.526602
100000,append_1000,sqlite,8,107000,4.669102
100000,append_1000,jsonl,9,108000,5.470679
100000,append_1000,sqlite,9,108000,17.280313
500000,lookup,jsonl,1,74243,99.026673
500000,lookup,sqlite,1,74243,0.127923
500000,lookup,jsonl,2,329112,451.135052
500000,lookup,sqlite,2,329112,0.073350
500000,lookup,jsonl,3,463671,636.810843
500000,lookup,sqlite,3,463671,0.075133
500000,lookup,jsonl,4,257209,345.601706
500000,lookup,sqlite,4,257209,0.077267
500000,lookup,jsonl,5,275640,402.839619
500000,lookup,sqlite,5,275640,0.078558
500000,lookup,jsonl,6,166437,218.682605
500000,lookup,sqlite,6,166437,0.079460
500000,lookup,jsonl,7,95031,122.544626
500000,lookup,sqlite,7,95031,0.078789
500000,aggregate_c07,jsonl,1,c07,670.071219
500000,aggregate_c07,sqlite,1,c07,11.554268
500000,aggregate_c07,jsonl,2,c07,663.551949
500000,aggregate_c07,sqlite,2,c07,11.269311
500000,aggregate_c07,jsonl,3,c07,674.071770
500000,aggregate_c07,sqlite,3,c07,13.135151
500000,update_one,jsonl,1,203681,834.643949
500000,update_one,sqlite,1,203681,3.014580
500000,update_one,jsonl,2,495377,784.186072
500000,update_one,sqlite,2,495377,1.386227
500000,update_one,jsonl,3,180599,790.611112
500000,update_one,sqlite,3,180599,1.090783
500000,update_one,jsonl,4,260310,828.586418
500000,update_one,sqlite,4,260310,1.257875
500000,update_one,jsonl,5,238831,854.365303
500000,update_one,sqlite,5,238831,3.177919
500000,append_1000,jsonl,1,500000,706.455165
500000,append_1000,sqlite,1,500000,13.849089
500000,append_1000,jsonl,2,501000,5.105124
500000,append_1000,sqlite,2,501000,23.279771
500000,append_1000,jsonl,3,502000,11.736226
500000,append_1000,sqlite,3,502000,11.317174
500000,append_1000,jsonl,4,503000,4.533681
500000,append_1000,sqlite,4,503000,38.546767
500000,append_1000,jsonl,5,504000,6.923727
500000,append_1000,sqlite,5,504000,6.711087
500000,append_1000,jsonl,6,505000,4.482581
500000,append_1000,sqlite,6,505000,4.625030
500000,append_1000,jsonl,7,506000,7.091405
500000,append_1000,sqlite,7,506000,14.170361
500000,append_1000,jsonl,8,507000,4.417068
500000,append_1000,sqlite,8,507000,4.832518
500000,append_1000,jsonl,9,508000,5.013210
500000,append_1000,sqlite,9,508000,18.456176
